,Locus,baseMean,log2FC,lfcSE,stat,pvalue,padj,New Locus,FC,Gene,Product,ProteinID,Start,End,Chrom,L1,L2,L3,D1,D2,D3
45,gene-ACX60_RS08515_ACX60_RS08515,136.1906968,4.133355196,1.184580707,3.489298087,0.000484291,0.041020005,A1S_1862,17.54946561,(),nuclear transport factor 2 family protein,WP_000130495.1,1805976,1806503,NZ_CP012004.1,182.2727615,556.47018,33.76446543,27.77661785,4.043402149,12.81675385
48,gene-ACX60_RS08535_ACX60_RS08535,267.6016253,3.700577646,0.792030211,4.672268297,2.98E-06,0.001531783,A1S_1857,13.00124292,(),PDR/VanB family oxidoreductase,WP_000210282.1,1809089,1810042,NZ_CP012004.1,445.5556392,998.1619804,46.20400533,63.88622106,20.8909111,30.91099458
44,gene-ACX60_RS08510_ACX60_RS08510,146.210843,3.668905739,1.209698138,3.032910132,0.002422077,0.089021187,A1S_1863,12.71893297,(),hypothetical protein,WP_000387550.1,1805606,1805965,NZ_CP012004.1,181.5226678,597.4624585,33.76446543,40.27609588,5.391202865,18.84816743
42,gene-ACX60_RS08500_ACX60_RS08500,325.2266169,3.641341033,0.75119327,4.847409017,1.25E-06,0.000902859,A1S_1865,12.47822681,(),amidase,WP_001028549.1,1803283,1804392,NZ_CP012004.1,666.8332714,1072.972889,65.75185374,76.38569909,24.93431325,44.48167513
43,gene-ACX60_RS08505_ACX60_RS08505,380.9037036,3.571361594,1.153915541,3.094993928,0.001968169,0.086609512,A1S_1864,11.88740242,(),acyl-CoA dehydrogenase,WP_104159503.1,1804429,1805577,NZ_CP012004.1,704.3379549,1330.199436,72.86016225,116.661795,22.91261218,38.45026155
46,gene-ACX60_RS08525_ACX60_RS08525,186.288091,3.56235226,0.755759853,4.713603465,2.43E-06,0.001463895,A1S_3741,11.81339935,(),aromatic-ring-hydroxylating dioxygenase subunit beta,WP_001056937.1,1807821,1808306,NZ_CP012004.1,341.2926192,645.6283857,42.64985108,44.44258856,12.80410681,30.91099458
47,gene-ACX60_RS08530_ACX60_RS08530,256.1262647,3.51921782,1.156531231,3.042907727,0.002343042,0.089021187,A1S_1858,11.46542414,(),SDR family oxidoreductase,WP_000815905.1,1808317,1809054,NZ_CP012004.1,319.5399029,1033.005417,60.42062236,69.44154463,12.13020645,42.21989504
49,gene-ACX60_RS08540_ACX60_RS08540,247.6901171,3.244854461,0.706100323,4.595458114,4.32E-06,0.001558364,A1S_1856,9.479785797,(),flavin reductase family protein,WP_104159487.1,1810088,1811044,NZ_CP012004.1,393.0490824,886.4580216,63.97477661,66.66388284,33.02111755,42.97382173
62,gene-ACX60_RS11215_ACX60_RS11215,170.2112895,3.145765205,0.709305929,4.434990709,9.21E-06,0.003020938,A1S_3661,8.850538304,(),hypothetical protein,WP_000108365.1,2349381,2349602,NZ_CP012004.1,582.8227806,267.4746169,65.75185374,62.49739016,14.82580788,27.89528779
66,gene-ACX60_RS12115_ACX60_RS12115,88.36452706,2.490383571,0.64093408,3.885553366,0.000102097,0.016020361,A1S_3628,5.619273307,(),hypothetical protein,WP_000980495.1,2543321,2543650,NZ_CP012004.1,285.0355941,132.200098,31.98738831,33.33194142,24.26041289,23.37172761
99,gene-ACX60_RS18350_ACX60_RS18350,96.98726569,2.373325928,0.779501889,3.044669887,0.002329358,0.089021187,,5.181342411,(),hypothetical protein,WP_000389972.1,31837,32091,NZ_CP012005.1,399.7999254,54.31476895,33.76446543,19.4436325,38.41232042,36.18848146
21,gene-ACX60_RS03400_ACX60_RS03400,2572.157174,2.348332136,0.619851492,3.788539944,0.000151535,0.021071735,A1S_2820,5.092351963,(),YegP family protein,WP_000929502.1,701578,701919,NZ_CP012004.1,7331.415518,4126.897633,1439.432474,1498.548533,361.8844923,674.7643939
26,gene-ACX60_RS05515_ACX60_RS05515,173.4615879,2.325796115,0.459400681,5.062674507,4.13E-07,0.000497339,A1S_2406,5.013423521,(),hydrolase,WP_000106451.1,1179956,1180636,NZ_CP012004.1,456.8070442,263.3753891,145.7203245,77.77452998,45.82522436,51.2670154
110,gene-ACX60_RS19455_ACX60_RS19455,34.45952297,2.305783565,0.631763156,3.649759474,0.000262486,0.025657535,,4.944359229,(),hypothetical protein,WP_001986360.1,825742,825876,NZ_CP012004.1,114.7643313,31.7690158,24.87907979,12.49947803,10.78240573,12.06282715
86,gene-ACX60_RS15770_tatB,89.88639001,2.267327517,0.766914711,2.956427207,0.003112257,0.099399425,A1S_0465,4.81430491,tatB,Sec-independent protein translocase protein TatB,WP_000887754.1,3339460,3339897,NZ_CP012004.1,367.5458976,37.91785757,40.87277395,26.38778696,29.65161576,36.94240816
59,gene-ACX60_RS10960_cydB,788.1464384,2.239241535,0.511482081,4.37794718,1.20E-05,0.003603056,A1S_1433,4.721487775,cydB,cytochrome d ubiquinol oxidase subunit II,WP_000566431.1,2298148,2299152,NZ_CP012004.1,2253.281381,1075.022502,572.2188353,390.2614808,177.2357942,260.8586372
37,gene-ACX60_RS08195_cydB,12169.38733,2.202764194,0.581496162,3.788097565,0.000151805,0.021071735,A1S_1925,4.603605451,cydB,cytochrome d ubiquinol oxidase subunit II,WP_000575166.1,1736740,1737885,NZ_CP012004.1,38043.25069,16089.46929,5851.914983,5940.029727,3026.486509,4065.172751
31,gene-ACX60_RS06655_ACX60_RS06655,2748.927596,2.177241361,0.656050154,3.318711758,0.000904337,0.05531785,A1S_2183,4.522878878,(),hypothetical protein,WP_000859008.1,1425539,1425769,NZ_CP012004.1,8062.756844,3910.663365,1531.840484,1791.591851,328.1894744,868.523555
108,gene-ACX60_RS18980_ACX60_RS18980,1215.669438,2.163162686,0.672584447,3.216194926,0.001299026,0.06767045,A1S_3522,4.478956599,(),hypothetical protein,WP_002011578.1,147140,148186,NZ_CP012005.1,4631.828404,790.1261672,540.231447,455.5365327,448.8176385,427.4764372
109,gene-ACX60_RS18985_ACX60_RS18985,584.8464121,2.151045474,0.669435004,3.213225276,0.001312533,0.06767045,A1S_3523,4.44149533,(),hypothetical protein,WP_002011515.1,148194,148955,NZ_CP012005.1,2205.275386,383.2778036,275.4469549,177.7703542,248.6692322,218.6387422
34,gene-ACX60_RS07095_ACX60_RS07095,166.5496123,2.083933546,0.706387698,2.950127179,0.003176431,0.099684706,A1S_2093,4.239615841,(),hypothetical protein,WP_000420540.1,1525958,1526215,NZ_CP012004.1,585.0730616,167.0435347,55.08939097,101.3846552,42.45572256,48.25130861
74,gene-ACX60_RS14515_ACX60_RS14515,49290.04745,2.074112984,0.630960061,3.287233397,0.001011769,0.059860258,A1S_0771,4.210854376,(),mechanosensitive ion channel,WP_001001664.1,3058699,3060375,NZ_CP012004.1,96353.28221,96767.39733,45862.80652,36326.26082,4261.071965,16169.46587
20,gene-ACX60_RS03385_ACX60_RS03385,598.2397779,2.061513636,0.489375709,4.212537728,2.53E-05,0.006509541,A1S_2823,4.174240244,(),SRPBCC family protein,WP_000190594.1,699984,700433,NZ_CP012004.1,1600.699889,915.1526165,378.5174283,274.9885167,176.5618938,243.5183232
98,gene-ACX60_RS18205_ACX60_RS18205,920.7684509,2.037875221,0.658858537,3.093039108,0.00198118,0.086609512,A1S_0631,4.106403004,(),hypothetical protein,WP_000730797.1,1131,2264,NZ_CP012005.1,3393.423757,631.2810882,417.6131251,327.7640906,394.9056099,359.6230345
67,gene-ACX60_RS12250_ACX60_RS12250,15043.96441,1.914655745,0.554672953,3.451864265,0.000556728,0.041858965,A1S_1193,3.770238384,(),OmpA family protein,WP_000026485.1,2573873,2575288,NZ_CP012004.1,35483.181,23400.44216,12455.53359,11032.87261,2440.867097,5450.89002
58,gene-ACX60_RS10955_ACX60_RS10955,1347.754779,1.874419686,0.505640437,3.707020936,0.000209712,0.021992159,A1S_1434,3.666541037,(),cytochrome ubiquinol oxidase subunit I,WP_000052003.1,2296710,2298155,NZ_CP012004.1,3641.704761,1851.826179,858.3282529,780.5229616,409.0575174,545.089002
112,gene-ACX60_RS19800_ACX60_RS19800,897.2356166,1.870451205,0.631172798,2.963453448,0.003042081,0.098440059,A1S_0630,3.656469187,(),hypothetical protein,WP_000875973.1,1,1128,NZ_CP012005.1,3136.141629,664.074911,426.4985108,372.2066792,390.1883074,394.3036626
35,gene-ACX60_RS08055_ACX60_RS08055,831.8899193,1.769457011,0.524341104,3.374629603,0.000739151,0.049399927,A1S_1950,3.409256179,(),universal stress protein,WP_000120225.1,1711299,1711742,NZ_CP012004.1,1225.653055,2002.472803,629.0853034,612.4744236,184.6486981,337.0052336
38,gene-ACX60_RS08200_ACX60_RS08200,17205.85254,1.724187751,0.532532451,3.237713959,0.001204916,0.065886971,A1S_1924,3.303940602,(),cytochrome ubiquinol oxidase subunit I,WP_000622640.1,1737882,1739468,NZ_CP012004.1,47968.49011,22215.76531,9063.093353,10307.90288,6445.183026,7234.680585
82,gene-ACX60_RS14970_raiA,4207.130237,1.710145707,0.550607667,3.105924255,0.001896853,0.085941896,A1S_0683,3.271938671,raiA,ribosome-associated translation inhibitor RaiA,WP_001167461.1,3162016,3162354,NZ_CP012004.1,9064.881986,7286.377495,2980.158344,3454.02243,867.309761,1590.031404
111,gene-ACX60_RS19590_ACX60_RS19590,170.8184082,1.667337188,0.536194437,3.109575693,0.001873563,0.085941896,A1S_3585,3.176278,(),hypothetical protein,WP_000854552.1,2840926,2841090,NZ_CP012004.1,303.7879358,361.7568574,111.9558591,129.161273,39.08622077,79.16230319
93,gene-ACX60_RS17235_ACX60_RS17235,494.7387243,1.657141162,0.483276847,3.428968658,0.000605879,0.042874884,A1S_0170,3.153909279,(),TonB-dependent copper receptor,WP_001120672.1,3653623,3655698,NZ_CP012004.1,1342.667667,419.1460472,490.4732874,301.3763037,170.4967906,244.2722499
27,gene-ACX60_RS06055_ACX60_RS06055,58.19376027,1.622697171,0.420196279,3.861759977,0.000112573,0.016928185,A1S_2297,3.079502226,(),YfhL family 4Fe-4S dicluster ferredoxin,WP_001196306.1,1308785,1309048,NZ_CP012004.1,125.2656427,70.71168034,65.75185374,38.88726499,22.91261218,25.6335077
3,gene-ACX60_RS00960_betT,5105.748954,1.619589847,0.467996559,3.46068751,0.000538798,0.041858965,A1S_3298,3.072876631,betT,choline BCCT transporter BetT,WP_001139472.1,209238,211205,NZ_CP012004.1,11110.38742,7486.214853,4513.775905,3891.504161,1331.627108,2300.984279
73,gene-ACX60_RS14350_ACX60_RS14350,774.7414802,1.585799252,0.398399138,3.980428422,6.88E-05,0.012413368,A1S_0803,3.00174048,(),trehalose-6-phosphate synthase,WP_000040106.1,3018669,3020099,NZ_CP012004.1,1188.898465,1602.798088,693.06008,504.145614,261.473339,398.0732961
107,gene-ACX60_RS18970_ACX60_RS18970,91.9052461,1.550588585,0.505893105,3.065051827,0.002176323,0.087270544,,2.92936626,(),hypothetical protein,WP_046882706.1,146086,146475,NZ_CP012005.1,251.281379,88.13339868,71.08308513,43.05375767,51.89032758,45.98952852
11,gene-ACX60_RS01715_ACX60_RS01715,381.716836,1.542829405,0.446417061,3.456026978,0.0005482,0.041858965,A1S_3155,2.913653675,(),hemerythrin domain-containing protein,WP_001019905.1,360118,360561,NZ_CP012004.1,751.593856,650.7524205,300.3260347,284.710333,121.9759648,180.9424073
106,gene-ACX60_RS18965_ACX60_RS18965,1649.989032,1.540530293,0.505608189,3.046885568,0.002312257,0.089021187,A1S_3520,2.909014107,(),hypothetical protein,WP_002025326.1,144004,146055,NZ_CP012005.1,4652.080933,1633.542296,1080.462894,947.1826687,796.5502234,790.1151785
40,gene-ACX60_RS08290_ACX60_RS08290,104.4300364,1.532834141,0.315933308,4.851764925,1.22E-06,0.000902859,A1S_1909,2.893537098,(),YnfA family protein,WP_000904308.1,1760203,1760565,NZ_CP012004.1,159.7699514,181.3908322,122.6183218,65.27505195,48.52082579,49.00523531
57,gene-ACX60_RS10950_ACX60_RS10950,129.0116223,1.501799187,0.454740307,3.302542491,0.000958126,0.057631261,A1S_1435,2.831956661,(),hypothetical protein,WP_005135389.1,2295238,2296056,NZ_CP012004.1,327.0408395,130.1504841,113.7329362,72.21920641,59.30323152,71.62303622
30,gene-ACX60_RS06585_ACX60_RS06585,145.4262013,1.500862691,0.404507731,3.710343651,0.000206978,0.021992159,A1S_2199,2.83011895,(),GNAT family N-acetyltransferase,WP_001166574.1,1411161,1411613,NZ_CP012004.1,318.0397155,198.8125505,126.1724761,88.88517712,59.97713188,80.67015659
75,gene-ACX60_RS14520_ACX60_RS14520,866.8624709,1.463774941,0.438933022,3.33484807,0.00085346,0.055002459,A1S_3564,2.758291519,(),hypothetical protein,WP_000543705.1,3060603,3060830,NZ_CP012004.1,891.861372,2081.382939,842.3345587,631.9180561,332.2328766,421.4450237
18,gene-ACX60_RS02750_ACX60_RS02750,2456.215692,1.414115098,0.425162751,3.326055954,0.000880842,0.05531785,A1S_2939,2.664962252,(),heavy metal translocating P-type ATPase,WP_000349570.1,557024,559381,NZ_CP012004.1,5279.15924,3517.137491,1917.466221,1822.146131,965.6992133,1235.685856
5,gene-ACX60_RS01240_aqpZ,3349.322081,1.342735283,0.413210042,3.249522392,0.00115599,0.064184109,A1S_3248,2.536317372,aqpZ,aquaporin Z,WP_001045987.1,262605,263294,NZ_CP012004.1,7004.374678,5078.943301,2327.971038,2233.240075,1600.513351,1850.890041
61,gene-ACX60_RS11180_ACX60_RS11180,156.1801432,1.341263206,0.385162002,3.482335222,0.000497061,0.041020005,A1S_1388,2.533730721,(),hypothetical protein,WP_000795915.1,2341187,2341423,NZ_CP012004.1,282.7853131,219.3086897,167.04525,130.5501039,61.99883295,75.39266971
105,gene-ACX60_RS18920_ACX60_RS18920,661.9810862,1.304006925,0.424207904,3.073980734,0.002112231,0.087140855,,2.469137066,(),hypothetical protein,WP_223236327.1,130040,130444,NZ_CP012005.1,1514.439117,713.2656451,597.0979151,499.9791213,283.7120508,363.392668
7,gene-ACX60_RS01355_ACX60_RS01355,531.3215825,1.257744164,0.40804756,3.082346984,0.002053753,0.087140855,A1S_3225,2.391215517,(),SulP family inorganic anion transporter,WP_025467428.1,282395,284584,NZ_CP012004.1,955.6193339,540.0732686,749.9265481,473.5913344,185.9964989,282.7225114
102,gene-ACX60_RS18750_ACX60_RS18750,9072.87165,1.242696191,0.385029224,3.227537322,0.001248608,0.066268008,A1S_0209,2.366403663,(),DDE-type integrase/transposase/recombinase,WP_000573066.1,97488,99398,NZ_CP012005.1,17736.71489,12750.64821,7776.489513,7178.866883,4011.054932,4983.455468
2,gene-ACX60_RS00720_ACX60_RS00720,550.7715023,1.219423203,0.410839947,2.968122286,0.002996251,0.098440059,A1S_3344,2.328536025,(),alpha/beta hydrolase,WP_001025107.1,153950,154861,NZ_CP012004.1,1234.654179,636.405123,438.9380506,380.5396646,282.3642501,331.7277467
25,gene-ACX60_RS05240_ACX60_RS05240,181.1965762,1.215069964,0.38998136,3.115712927,0.001835008,0.085941896,A1S_2466,2.321520409,(),DUF962 domain-containing protein,WP_000636741.1,1113864,1114247,NZ_CP012004.1,362.295242,257.2265473,138.612016,122.2171185,105.8023562,101.0261774
103,gene-ACX60_RS18755_ACX60_RS18755,3141.182647,1.201053259,0.287026044,4.184474838,2.86E-05,0.006876976,A1S_0207,2.299074568,(),heteromeric transposase endonuclease subunit TnsA,WP_000736393.1,99399,100109,NZ_CP012005.1,5013.626081,4718.21125,3399.548546,2324.902914,1564.796632,1826.01046
12,gene-ACX60_RS01860_ACX60_RS01860,380.4319089,1.191997217,0.387855911,3.073299088,0.002117062,0.087140855,A1S_3125,2.284688086,(),hypothetical protein,WP_001088069.1,391816,392247,NZ_CP012004.1,773.3465724,445.7910282,366.0778884,308.3204581,171.170691,217.8848155
65,gene-ACX60_RS12000_ACX60_RS12000,81.67640409,1.191583552,0.326531644,3.6492131,0.000263045,0.025657535,A1S_1233,2.28403309,(),DUF4142 domain-containing protein,WP_000644343.1,2527720,2528313,NZ_CP012004.1,114.0142376,138.3489398,87.07677928,56.94206659,49.19472615,44.48167513
23,gene-ACX60_RS04185_ACX60_RS04185,340.5188763,1.191290231,0.328776812,3.623401007,0.000290755,0.026905975,A1S_2667,2.28356876,(),NAD(+)/NADH kinase,WP_001247645.1,879332,880270,NZ_CP012004.1,504.0629453,582.0903541,332.313423,258.322546,165.7794881,200.5445014
81,gene-ACX60_RS14655_ACX60_RS14655,355.1484147,1.16131297,0.388918042,2.986009502,0.002826439,0.09613348,A1S_0745,2.236608846,(),hypothetical protein,WP_000470131.1,3090673,3093546,NZ_CP012004.1,724.5904839,441.6918004,303.8801889,281.9326712,194.0833032,184.7120408
64,gene-ACX60_RS11810_ACX60_RS11810,9354.043619,1.151524932,0.370101009,3.111380152,0.00186215,0.085941896,A1S_1266,2.22148582,(),divalent metal cation transporter,WP_001987220.1,2487924,2489177,NZ_CP012004.1,19309.66131,11858.04135,7533.029946,6121.966574,5661.436909,5640.125621
16,gene-ACX60_RS02580_ACX60_RS02580,428.5190118,1.088381681,0.350565267,3.10464779,0.001905057,0.085941896,A1S_2987,2.126353824,(),OmpA family protein,WP_001097560.1,525572,526051,NZ_CP012004.1,858.8572506,491.9073415,396.2881996,291.6544874,265.5167411,266.8900508
54,gene-ACX60_RS10225_ACX60_RS10225,2472.537157,1.077432594,0.321668918,3.349507937,0.000809552,0.053121354,A1S_1574,2.110277309,(),lipopolysaccharide assembly protein LapA domain-containing protein,WP_001269278.1,2149183,2149548,NZ_CP012004.1,3738.466845,3239.414805,3085.005894,2129.077758,1053.98016,1589.277477
29,gene-ACX60_RS06395_ACX60_RS06395,138.8795711,1.065690174,0.357200476,2.983451159,0.002850175,0.09613348,A1S_2231,2.093170996,(),amino acid permease,WP_001058170.1,1374991,1376388,NZ_CP012004.1,225.7781943,205.9861992,129.7266304,115.2729641,66.0422351,90.47120365
56,gene-ACX60_RS10490_ACX60_RS10490,4108.714322,1.039515882,0.350417212,2.966509193,0.003012014,0.098440059,A1S_1523,2.055537771,(),YceI family protein,WP_000550328.1,2199067,2199657,NZ_CP012004.1,6500.311733,5856.771784,4224.112334,3806.785476,1872.095195,2392.20941
89,gene-ACX60_RS16615_ACX60_RS16615,355.621493,1.037234801,0.341991276,3.032927662,0.002421936,0.089021187,A1S_0293,2.052290278,(),lysozyme inhibitor LprI family protein,WP_001080202.1,3524644,3524997,NZ_CP012004.1,510.0636947,550.3213383,371.4091198,327.7640906,175.8879935,198.2827213
39,gene-ACX60_RS08205_ACX60_RS08205,285.4953833,1.023089324,0.340293818,3.006488127,0.002642844,0.091832416,,2.032266109,(),hypothetical protein,WP_000053889.1,1739468,1739662,NZ_CP012004.1,449.3061075,460.1383257,238.1283352,159.7155526,208.909111,196.7748679
50,gene-ACX60_RS09045_ACX60_RS09045,362.8118352,1.022219233,0.262842518,3.889093901,0.000100619,0.016020361,A1S_3727,2.031040817,(),hypothetical protein,WP_000658761.1,1917935,1918555,NZ_CP012004.1,468.0584492,572.8670914,415.836048,273.5996858,214.3003139,232.2094227
76,gene-ACX60_RS14560_nuoM,9788.521764,1.015766951,0.29882845,3.399164141,0.000675921,0.04602642,A1S_0763,2.021977511,nuoM,NADH-quinone oxidoreductase subunit M,WP_000429844.1,3066598,3068196,NZ_CP012004.1,13986.99664,16280.08339,9027.551811,6908.044859,5767.239265,6761.214619
70,gene-ACX60_RS14075_ACX60_RS14075,115.5693443,0.994804457,0.276680958,3.595493034,0.000323778,0.029212851,A1S_0860,1.992810402,(),hypothetical protein,WP_001048354.1,2970918,2971478,NZ_CP012004.1,140.267516,173.1923765,147.4974016,84.71868444,70.08563725,77.6544498
79,gene-ACX60_RS14585_nuoH,5752.036886,0.991833804,0.288598925,3.436720369,0.000588803,0.042552366,A1S_0758,1.988711228,nuoH,NADH-quinone oxidoreductase subunit NuoH,WP_001070989.1,3071471,3072487,NZ_CP012004.1,8456.556021,9139.228482,5366.772927,4215.101759,3609.410318,3725.15181
94,gene-ACX60_RS17610_ACX60_RS17610,936.4591036,0.977076855,0.318081999,3.071776639,0.002127889,0.087140855,A1S_0091,1.968472905,(),nuclear transport factor 2 family protein,WP_000059273.1,3733822,3734202,NZ_CP012004.1,1567.695768,1227.71874,927.6342609,802.7442559,516.2076744,576.7539233
36,gene-ACX60_RS08160_ACX60_RS08160,176.3109724,0.954003707,0.308950299,3.087887308,0.002015849,0.086609512,A1S_1931,1.937241357,(),hypothetical protein,WP_000955083.1,1732494,1732820,NZ_CP012004.1,238.5297866,282.8467213,174.1535586,144.4384128,107.8240573,110.0732978
77,gene-ACX60_RS14565_nuoL,9605.065864,0.912140725,0.279247485,3.26642413,0.00108915,0.062392729,A1S_0762,1.881835766,nuoL,NADH-quinone oxidoreductase subunit L,WP_000121137.1,3068198,3070087,NZ_CP012004.1,13541.441,14955.00799,9134.176439,7085.815214,5961.996469,6951.958074
78,gene-ACX60_RS14575_nuoJ,1728.006294,0.910033297,0.29973709,3.036105067,0.002396558,0.089021187,A1S_0760,1.879088867,nuoJ,NADH-quinone oxidoreductase subunit J,WP_014205902.1,3070392,3070910,NZ_CP012004.1,2693.586364,2543.570878,1528.28633,1163.840288,1125.413598,1313.340306
80,gene-ACX60_RS14615_ndhC,2527.310778,0.894453782,0.291463506,3.068836282,0.002148943,0.087140855,A1S_0752,1.858905952,ndhC,NADH-quinone oxidoreductase subunit A,WP_001274550.1,3079593,3080144,NZ_CP012004.1,4409.800678,2912.501384,2535.889062,1779.092373,1697.555002,1829.026167
41,gene-ACX60_RS08300_ACX60_RS08300,315.9850641,0.857871731,0.277664589,3.089597178,0.002004281,0.086609512,A1S_1907,1.812362733,(),alpha/beta hydrolase,WP_001147226.1,1762091,1763008,NZ_CP012004.1,456.8070442,406.8483637,355.4154256,280.5438403,192.7355024,203.5602082
91,gene-ACX60_RS17045_ACX60_RS17045,896.165212,0.769232356,0.254342569,3.024394849,0.002491311,0.089021187,A1S_0207,1.704362668,(),Tn7 transposase TnsA N-terminal domain-containing protein,ACX60_RS17045,<3613289,3613714,NZ_CP012004.1,1058.382166,1373.241328,956.0674949,676.3606447,606.5103224,706.4293152
104,gene-ACX60_RS18850_ACX60_RS18850,896.165212,0.769232356,0.254342569,3.024394849,0.002491311,0.089021187,A1S_0207,1.704362668,(),Tn7 transposase TnsA N-terminal domain-containing protein,ACX60_RS18850,<118993,119418,NZ_CP012005.1,1058.382166,1373.241328,956.0674949,676.3606447,606.5103224,706.4293152
0,gene-ACX60_RS00025_cybC,634.8881347,-0.784319803,0.249814449,-3.139609442,0.001691732,0.083636454,A1S_0005,-1.722280113,cybC,cytochrome b562,WP_000987637.1,6389,6781,NZ_CP012004.1,382.547771,493.9569554,524.2377528,883.2964476,786.441718,738.8481631
14,gene-ACX60_RS02465_ACX60_RS02465,222.744889,-0.795762589,0.268643154,-2.962154727,0.003054942,0.098440059,A1S_3012,-1.735994755,(),acyl-CoA dehydrogenase family protein,WP_001176664.1,502719,503882,NZ_CP012004.1,153.0191084,152.6962372,184.8160213,243.0454062,332.2328766,270.6596842
88,gene-ACX60_RS16420_rimP,482.8245504,-0.816246509,0.272778594,-2.99234077,0.00276847,0.095156284,A1S_0334,-1.760818867,rimP,ribosome maturation factor RimP,WP_000777730.1,3483840,3484364,NZ_CP012004.1,375.796928,285.9211422,389.1798911,499.9791213,689.4000664,656.6701531
68,gene-ACX60_RS12660_ACX60_RS12660,776.6124776,-0.856033322,0.251705713,-3.400929249,0.000671572,0.04602642,A1S_1139,-1.810054732,(),hypothetical protein,WP_000735756.1,2642442,2642831,NZ_CP012004.1,447.0558265,549.2965313,664.6268459,1012.457721,1006.133235,980.1047062
60,gene-ACX60_RS11050_ACX60_RS11050,133.7007368,-0.86534568,0.285794557,-3.027859202,0.002462928,0.089021187,A1S_1415,-1.821776126,(),PLP-dependent aminotransferase family protein,WP_000113419.1,2313664,2315154,NZ_CP012004.1,84.76058456,88.13339868,113.7329362,148.6049055,192.0616021,174.9109937
33,gene-ACX60_RS06790_ACX60_RS06790,221.0334197,-0.868433719,0.261401616,-3.322220159,0.000893042,0.05531785,A1S_2157,-1.825679751,(),hypothetical protein,WP_000772604.1,1455653,1456075,NZ_CP012004.1,131.266392,155.7706581,184.8160213,266.6555314,295.1683569,292.5235585
6,gene-ACX60_RS01295_ACX60_RS01295,85.85665638,-0.947468772,0.311541283,-3.041230242,0.002356136,0.089021187,A1S_3237,-1.928486132,(),3'-5' exonuclease domain-containing protein 2,WP_001287564.1,270900,271541,NZ_CP012004.1,60.00749349,56.36438288,60.42062236,87.49634623,128.7149684,122.1361249
9,gene-ACX60_RS01625_rpoZ,819.0978985,-0.949699535,0.243999639,-3.892216966,9.93E-05,0.016020361,A1S_3171,-1.931470356,rpoZ,DNA-directed RNA polymerase subunit omega,WP_000135049.1,343733,344011,NZ_CP012004.1,621.8276513,538.0236547,515.3523672,1049.956155,939.4170993,1250.010464
69,gene-ACX60_RS12950_ACX60_RS12950,117.4297253,-1.063149837,0.340489599,-3.122415015,0.001793739,0.085941896,A1S_3599,-2.089488527,(),hypothetical protein,WP_000735018.1,2709436,2709906,NZ_CP012004.1,77.25964787,68.66206641,83.52262502,106.9399787,200.8223067,167.3717267
10,gene-ACX60_RS01690_rplS,3079.297099,-1.07626207,0.361784157,-2.974873415,0.002931095,0.097947415,A1S_3161,-2.10856584,rplS,50S ribosomal protein L19,WP_000014562.1,355543,355911,NZ_CP012004.1,1656.20682,2014.770486,2274.658724,2405.455106,5572.482062,4552.209397
8,gene-ACX60_RS01450_ACX60_RS01450,464.0456239,-1.103423486,0.364072459,-3.030779884,0.00243923,0.089021187,A1S_3211,-2.148639558,(),amino acid permease,WP_001183126.1,303101,304519,NZ_CP012004.1,236.2795056,233.6559872,417.6131251,437.4817311,764.8769065,694.366488
28,gene-ACX60_RS06330_rpsU,907.4904973,-1.114967763,0.280046882,-3.981361102,6.85E-05,0.012413368,A1S_2245,-2.165901693,rpsU,30S ribosomal protein S21,WP_001136722.1,1364243,1364458,NZ_CP012004.1,627.8284007,493.9569554,598.8749922,1036.067846,1576.926838,1111.287951
100,gene-ACX60_RS18660_trbJ,402.150108,-1.250714386,0.35932841,-3.480699968,0.000500105,0.041020005,A1S_0665,-2.379592253,trbJ,P-type conjugative transfer protein TrbJ,WP_000836966.1,85668,86447,NZ_CP012005.1,141.7677034,255.1769334,319.8738831,541.6440481,665.1396535,489.2984264
97,gene-ACX60_RS18190_rpmH,140.9172187,-1.255971392,0.38281363,-3.280895175,0.001034782,0.060234323,A1S_2984,-2.388279016,rpmH,50S ribosomal protein L34,WP_000831329.1,3857028,3857162,NZ_CP012004.1,97.51217693,84.03417083,67.52893087,133.3277657,290.4510544,172.6492136
53,gene-ACX60_RS09855_rpsT,1285.816752,-1.260960029,0.31570246,-3.994140646,6.49E-05,0.012413368,A1S_1617,-2.396551644,rpsT,30S ribosomal protein S20,WP_000013652.1,2086073,2086339,NZ_CP012004.1,750.8437623,739.9106261,781.9139364,1165.229119,2273.065908,2003.937161
113,gene-ACX60_RS19905_ACX60_RS19905,123.8230852,-1.365238204,0.376422606,-3.626876232,0.000286871,0.026905975,,-2.57618858,(),hypothetical protein,ACX60_RS19905,2391581,2391884,NZ_CP012004.1,79.50992888,57.38918984,71.08308513,148.6049055,257.4299368,128.9214652
15,gene-ACX60_RS02520_rpsI,3004.822093,-1.371332691,0.36529277,-3.754064699,0.00017399,0.021992159,A1S_3001,-2.587094389,rpsI,30S ribosomal protein S9,WP_000224786.1,515105,515491,NZ_CP012004.1,1282.660173,1519.788724,2226.677642,2726.275042,5493.63572,4779.895259
85,gene-ACX60_RS15135_rplT,5260.531436,-1.396720565,0.428845843,-3.256929238,0.001126245,0.063509663,A1S_0597,-2.633023805,rplT,50S ribosomal protein L20,WP_000124858.1,3198450,3198809,NZ_CP012004.1,1888.735858,3515.087878,3285.81561,3891.504161,10770.27552,8211.769584
24,gene-ACX60_RS04205_ACX60_RS04205,60.72504863,-1.469378572,0.357692482,-4.107938091,3.99E-05,0.008569544,A1S_2663,-2.769025946,(),diacylglycerol kinase,WP_000379025.1,883353,883727,NZ_CP012004.1,28.50355941,30.74420884,39.09569682,68.05271373,91.65044871,106.3036643
32,gene-ACX60_RS06700_rplI,6894.275152,-1.483872386,0.493622341,-3.006088383,0.002646321,0.091832416,A1S_2173,-2.796984747,rplI,50S ribosomal protein L9,WP_000382591.1,1436006,1436452,NZ_CP012004.1,1464.182841,4328.784605,5103.765512,5891.420646,13254.27224,11323.22506
52,gene-ACX60_RS09285_ACX60_RS09285,226.3361305,-1.48673652,0.492473826,-3.018914797,0.002536819,0.089758613,A1S_1724,-2.802543023,(),MFS transporter,WP_000222730.1,1968689,1969975,NZ_CP012004.1,87.01086556,126.0512563,145.7203245,129.161273,520.2510765,349.8219874
87,gene-ACX60_RS15995_infA,454.441593,-1.487879545,0.254790766,-5.83961329,5.23E-09,1.89E-05,A1S_0421,-2.804764314,infA,translation initiation factor IF-1,WP_001284370.1,3385024,3385245,NZ_CP012004.1,234.0292246,265.425003,216.8034096,570.8094968,663.7918528,775.7905713
90,gene-ACX60_RS16665_rplJ,6778.108043,-1.557203763,0.488262213,-3.189277647,0.001426288,0.072499634,A1S_0285,-2.942829102,rplJ,50S ribosomal protein L10,WP_001196213.1,3539328,3539834,NZ_CP012004.1,1869.233422,3804.083441,4643.502536,4845.630984,15883.83144,9622.366435
114,gene-ACX60_RS19915_ACX60_RS19915,127.7122342,-1.576407591,0.487576492,-3.233149295,0.001224336,0.06594966,,-2.982263205,(),hypothetical protein,ACX60_RS19915,2501634,2501878,NZ_CP012004.1,103.5129263,37.91785757,49.75815959,168.048538,286.4076522,120.6282715
101,gene-ACX60_RS18675_ACX60_RS18675,24.16369937,-1.577587003,0.456920101,-3.452653975,0.000555101,0.041858965,,-2.984702221,(),hypothetical protein,WP_000213809.1,88139,88387,NZ_CP012005.1,12.0014987,12.29768354,12.4395399,29.16544874,45.151324,33.92670137
71,gene-ACX60_RS14225_rplY,1092.316235,-1.604909362,0.45287135,-3.543852715,0.000394325,0.034710259,A1S_0828,-3.041766401,rplY,50S ribosomal protein L25,WP_001273421.1,2998499,2998795,NZ_CP012004.1,327.0408395,476.535237,821.0096332,915.2395582,2322.260634,1691.811508
55,gene-ACX60_RS10460_putA,2635.465926,-1.610202143,0.517630647,-3.1107164,0.001866341,0.085941896,A1S_1528,-3.052946151,putA,trifunctional transcriptional regulator/proline dehydrogenase/L-glutamate gamma-semialdehyde dehydrogenase,WP_001094956.1,2191463,2195215,NZ_CP012004.1,1242.155115,1657.112857,1002.2715,1268.002605,6195.839893,4447.413586
19,gene-ACX60_RS03065_ACX60_RS03065,256.5994171,-1.667512534,0.526145593,-3.169298679,0.001528073,0.076594648,A1S_2889,-3.176664069,(),RcnB family protein,WP_000743009.1,629333,629716,NZ_CP012004.1,35.25440243,145.5225885,190.1472527,362.4848629,359.8627913,446.3246047
72,gene-ACX60_RS14285_rpmF,1158.044541,-1.685064912,0.362744526,-4.645321407,3.40E-06,0.001531783,A1S_0816,-3.215548639,rpmF,50S ribosomal protein L32,WP_000290730.1,3007889,3008074,NZ_CP012004.1,319.5399029,697.8935407,632.6394576,1804.091329,2078.982605,1415.12041
51,gene-ACX60_RS09245_ACX60_RS09245,1641.985498,-1.727386746,0.585177431,-2.951902541,0.003158226,0.099684706,A1S_1730,-3.311274806,(),TIGR00366 family protein,WP_000414929.1,1958057,1959466,NZ_CP012004.1,459.0573252,435.5429586,1393.228468,981.903441,4053.510654,2528.670142
95,gene-ACX60_RS17920_ACX60_RS17920,78.45598716,-1.897207155,0.462127888,-4.105372568,4.04E-05,0.008569544,A1S_0032,-3.724914097,(),RcnB family protein,WP_000724538.1,3803764,3804084,NZ_CP012004.1,15.00187337,35.86824365,51.53523672,94.44050069,144.2146766,129.6753919
22,gene-ACX60_RS03865_rpmA,1747.050438,-1.902802132,0.361863802,-5.258337867,1.45E-07,0.000262308,A1S_2730,-3.739387894,rpmA,50S ribosomal protein L27,WP_000201632.1,802390,802647,NZ_CP012004.1,610.5762463,818.8207621,783.6910135,1837.423271,4094.618576,2337.172761
84,gene-ACX60_RS15100_ACX60_RS15100,3713.999247,-2.055768914,0.481140964,-4.272695675,1.93E-05,0.005361418,A1S_3506,-4.15765173,(),hypothetical protein,WP_000897673.1,3191968,3192219,NZ_CP012004.1,612.8265273,1304.579262,2406.162431,7526.074607,6139.232263,4295.120393
63,gene-ACX60_RS11255_ACX60_RS11255,523.134961,-2.240275101,0.65192774,-3.436385605,0.000589531,0.042552366,A1S_1380,-4.724871524,(),DcaP family trimeric outer membrane transporter,WP_086223113.1,2354821,2356104,NZ_CP012004.1,255.0318473,101.4558892,191.9243298,172.2150307,1584.339742,833.842927
4,gene-ACX60_RS01085_ACX60_RS01085,394.1609909,-2.690089426,0.582968482,-4.614468036,3.94E-06,0.001558364,A1S_3273,-6.453534085,(),hypothetical protein,WP_000777195.1,238631,239014,NZ_CP012004.1,81.76020988,86.08378476,151.0515559,173.6038616,1094.414182,778.0523514
1,gene-ACX60_RS00095_rrf,18.58118003,-3.685802575,0.995424436,-3.702744722,0.000213279,0.021992159,,-12.8687728,,,,,,,3.000374675,3.074420884,1.777077128,8.332985355,10.10850537,85.19371677
13,gene-ACX60_RS02450_rrf,18.58118003,-3.685802575,0.995424436,-3.702744722,0.000213279,0.021992159,,-12.8687728,,,,,,,3.000374675,3.074420884,1.777077128,8.332985355,10.10850537,85.19371677
17,gene-ACX60_RS02615_rrf,18.58118003,-3.685802575,0.995424436,-3.702744722,0.000213279,0.021992159,,-12.8687728,,,,,,,3.000374675,3.074420884,1.777077128,8.332985355,10.10850537,85.19371677
83,gene-ACX60_RS14980_rrf,18.58118003,-3.685802575,0.995424436,-3.702744722,0.000213279,0.021992159,,-12.8687728,,,,,,,3.000374675,3.074420884,1.777077128,8.332985355,10.10850537,85.19371677
92,gene-ACX60_RS17195_rrf,18.58118003,-3.685802575,0.995424436,-3.702744722,0.000213279,0.021992159,,-12.8687728,,,,,,,3.000374675,3.074420884,1.777077128,8.332985355,10.10850537,85.19371677
96,gene-ACX60_RS18000_rrf,18.58118003,-3.685802575,0.995424436,-3.702744722,0.000213279,0.021992159,,-12.8687728,,,,,,,3.000374675,3.074420884,1.777077128,8.332985355,10.10850537,85.19371677