,Number,Locus,PPEE,PPDE,PostFC,RealFC,D1,D2,D3,L1,L2,L3,New Locus,Gene,Product,ProteinID,Start,End,Chrom,Relation
0,52,gene-ACX60_RS00260_ACX60_RS00260,0.0416560140495469,0.958343985950453,2.402263068593783,2.4034040274624315,1470.53486395038,1227.02769967092,2425.23979728024,359.947496852185,584.000066003256,35.1195812773092,A1S_3910,(),DUF1328 domain-containing protein,WP_000490267.1,58690,58848,NZ_CP012004.1,Shared
1,98,gene-ACX60_RS00495_dtd,0.0002907979414499,0.99970920205855,-1.83692733626746,-1.84177194019404,57.6823506713408,88.6021215174994,80.2655818957431,114.420396350363,128.338724182167,175.597906386546,A1S_3383,dtd,D-aminoacyl-tRNA deacylase,WP_001202017.1,107481,107924,NZ_CP012004.1,Shared
2,187,gene-ACX60_RS00960_betT,0.0135223669008883,0.986477633099112,3.0709501082718442,3.07138149603962,7649.11779282236,8245.20919062847,9400.21726201792,2005.93257351731,2471.40350512265,926.11636553497,A1S_3298,betT,choline BCCT transporter BetT,WP_001139472.1,209238,211205,NZ_CP012004.1,Shared
3,240,gene-ACX60_RS01225_ACX60_RS01225,0.0077320042919687,0.992267995708031,-2.36247793081631,-2.36705169426064,116.094857680294,55.0971175823105,110.746182615646,307.504815191602,246.080672973146,684.181472291284,A1S_3252,(),DNA/RNA non-specific endonuclease,WP_000157128.1,260363,261442,NZ_CP012004.1,Shared
4,254,gene-ACX60_RS01295_ACX60_RS01295,3.70784760261866e-06,0.999996292152397,-1.90562782827338,-1.91365458262756,54.0315689832813,60.3090070833399,56.8971213438179,138.257978923356,134.225821621716,210.717487663855,A1S_3237,(),3'-5' exonuclease domain-containing protein 2,WP_001287564.1,270900,271541,NZ_CP012004.1,Shared
5,266,gene-ACX60_RS01355_ACX60_RS01355,0.0029504603682994,0.997049539631701,2.380718743554255,2.3830151779217443,907.584327651603,1061.73634692398,781.319398453499,277.707836975361,340.274232005929,131.373248481786,A1S_3225,(),SulP family inorganic anion transporter,WP_025467428.1,282395,284584,NZ_CP012004.1,Shared
6,285,gene-ACX60_RS01450_ACX60_RS01450,0.0010911594676762,0.998908840532324,-2.13492373383336,-2.13692760870521,430.792239191026,244.214250905376,341.382728062907,899.868742130462,818.306544097304,1230.48606993832,A1S_3211,(),amino acid permease,WP_001183126.1,303101,304519,NZ_CP012004.1,Shared
7,290,gene-ACX60_RS01475_ACX60_RS01475,0.0251994780174661,0.974800521982534,-1.8501724155884,-1.85506908623674,83.2378224877576,87.113010231491,61.9772214638016,182.357506683392,146.000016500814,154.786302666659,A1S_3207,(),sulfate ABC transporter substrate-binding protein,WP_001988040.1,307206,308207,NZ_CP012004.1,Shared
8,320,gene-ACX60_RS01625_rpoZ,4.73001228828984e-06,0.999995269987712,-1.93290113391252,-1.93377389985066,476.792088460577,557.672176610143,620.788234662013,707.976202417873,883.064615932342,1121.22515040891,A1S_3171,rpoZ,DNA-directed RNA polymerase subunit omega,WP_000135049.1,343733,344011,NZ_CP012004.1,BlsA only
9,334,gene-ACX60_RS01695_ACX60_RS01695,0.0469313838021697,0.95306861619783,-1.98164544913057,-1.98708406906797,143.840798509546,87.8575658744952,107.698122543655,289.626628261857,269.629062731342,249.739244638643,A1S_3160,(),triacylglycerol lipase,WP_085943440.1,355963,356904,NZ_CP012004.1,Shared
10,338,gene-ACX60_RS01715_ACX60_RS01715,0.0012304955752916,0.998769504424708,2.892389958934472,2.897437023946964,667.362892577285,713.28430599802,755.918897853581,137.066099794706,135.403241109626,44.2246579047598,A1S_3155,(),hemerythrin domain-containing protein,WP_001019905.1,360118,360561,NZ_CP012004.1,Shared
11,498,gene-ACX60_RS02520_rpsI,0.0020674684177963,0.997932531582204,-2.58427380808921,-2.58476747941897,1371.96375837278,1218.09303195487,1386.86733275556,2835.48044705744,2881.14548691526,6390.46306723779,A1S_3001,rpsI,30S ribosomal protein S9,WP_000224786.1,515105,515491,NZ_CP012004.1,BlsA only
12,545,gene-ACX60_RS02765_ACX60_RS02765,0.0068310868490556,0.993168913150944,1.8927113413330146,1.906087205452505,62.7934450346242,61.0535627263441,109.730162591649,25.029461701642,29.4354871977447,20.811603719887,,(),hypothetical protein,WP_000853614.1,561654,562004,NZ_CP012004.1,Shared
13,552,gene-ACX60_RS02800_ACX60_RS02800,0.0018891692510629,0.998110830748937,1.9657110511015687,1.9672350846656466,578.283819388632,601.600959547391,766.079098093548,239.567704858573,267.274223755522,149.583401736688,A1S_2931,(),copper-binding protein,WP_000911301.1,571548,571910,NZ_CP012004.1,Shared
14,555,gene-ACX60_RS02815_ACX60_RS02815,0.0377338793512385,0.962266120648761,-1.93915909048031,-1.94297379065462,155.523299911337,92.3248997325204,179.835544247424,436.22776108576,348.516168421298,710.195976941142,A1S_2929,(),cation diffusion facilitator family transporter,WP_000537297.1,574073,575380,NZ_CP012004.1,Shared
15,604,gene-ACX60_RS03065_ACX60_RS03065,3.53724716184445e-10,0.999999999646275,-3.14089362302856,-3.14993670797691,610.410698243556,52.1188950102938,580.147433702143,927.281962089403,811.242027169845,505.982115439752,A1S_2889,(),RcnB family protein,WP_000743009.1,629333,629716,NZ_CP012004.1,BlsA only
16,762,gene-ACX60_RS03865_rpmA,0.0342231232566187,0.965776876743381,-3.73410859052232,-3.73604462453177,422.760519477295,571.818733827223,565.923153366189,1088.1856444571,1226.871106402,2614.4577173108,A1S_2730,rpmA,50S ribosomal protein L27,WP_000201632.1,802390,802647,NZ_CP012004.1,BlsA only
17,822,gene-ACX60_RS04165_ACX60_RS04165,0.0001641099626941,0.999835890037306,2.0228383424128227,2.0230926381806067,4041.41532868192,3313.27261136867,4201.24279922655,1383.77166836221,1535.35501223437,1009.36278041452,A1S_2671,(),MFS transporter,WP_001984607.1,872180,873511,NZ_CP012004.1,Shared
18,826,gene-ACX60_RS04185_ACX60_RS04185,3.59882512623866e-06,0.999996401174874,2.2677152917465078,2.2708959213926283,617.712261619675,563.628621754177,587.25957387012,246.718979630471,222.53228321495,152.184852201673,A1S_2667,(),NAD(+)/NADH kinase,WP_001247645.1,879332,880270,NZ_CP012004.1,Shared
19,830,gene-ACX60_RS04205_ACX60_RS04205,4.60997806595032e-09,0.999999995390022,-2.67760988630199,-2.70433537776845,50.3807872952217,29.7822257201679,54.8650812958244,132.298583280108,158.951630867822,163.89137929411,A1S_2663,(),diacylglycerol kinase,WP_000379025.1,883353,883727,NZ_CP012004.1,Shared
20,959,gene-ACX60_RS04875_carO,0.0001345369662604,0.99986546303374,2.648153533873106,2.6482178979096065,55829.9440428194,35161.6402408732,68970.4872889713,9023.71688300626,12909.2272654429,2069.45384489626,A1S_2538,carO,ornithine uptake porin CarO type 4,WP_000866520.1,1034492,1035220,NZ_CP012004.1,Shared
21,995,gene-ACX60_RS05055_ACX60_RS05055,0.0116235003516718,0.988376499648328,1.9354417644591246,1.9364561398936975,1151.45654441398,817.522096018608,1307.61777088381,469.60037668795,475.677473115555,150.88412696918,A1S_2503,(),lipocalin family protein,WP_000885644.1,1069567,1070154,NZ_CP012004.1,Shared
22,1086,gene-ACX60_RS05515_ACX60_RS05515,0.0037066563870282,0.996293343612972,4.915645757758102,4.950735329351765,194.95174214238,206.986468755167,229.620525423265,35.7563738594886,61.2258133713091,20.811603719887,A1S_2406,(),hydrolase,WP_000106451.1,1179956,1180636,NZ_CP012004.1,Shared
23,1157,gene-ACX60_RS05875_ACX60_RS05875,0.0012382614667265,0.998761738533273,1.8912693883393943,1.8915483714355064,4965.79325209859,4068.99658901793,6020.93466220473,1829.53446247716,2195.88734495176,235.431267081221,A1S_2330,(),acyl-CoA dehydrogenase,WP_049594817.1,1270109,1272574,NZ_CP012004.1,Shared
24,1192,gene-ACX60_RS06055_ACX60_RS06055,0.0016450993921479,0.998354900607852,2.957562475125185,2.992641362010202,43.8093802567145,84.8793433024784,38.6087609118764,8.34315390054733,12.9516143670077,14.3079775574223,A1S_2297,(),YfhL family 4Fe-4S dicluster ferredoxin,WP_001196306.1,1308785,1309048,NZ_CP012004.1,Shared
25,1247,gene-ACX60_RS06330_rpsU,0.0014677013144904,0.99853229868551,-2.16332534186819,-2.16438493189948,350.475042053716,617.236628050479,496.83379173441,581.637014781014,908.967844666358,1706.55150503073,A1S_2245,rpsU,30S ribosomal protein S21,WP_001136722.1,1364243,1364458,NZ_CP012004.1,BlsA only
26,1260,gene-ACX60_RS06395_ACX60_RS06395,0.0001874651417,0.9998125348583,2.0597048846389407,2.0658150445727625,97.8409492399958,179.437909964011,137.162703239561,110.844758964415,70.6451692745874,44.2246579047598,A1S_2231,(),amino acid permease,WP_001058170.1,1374991,1376388,NZ_CP012004.1,BlsA only
27,1266,gene-ACX60_RS06425_ACX60_RS06425,0.0010628603778689,0.998937139622131,2.219604336423752,2.224646331803538,365.808325143566,244.958806548381,417.584229862664,75.088385104926,74.1774277383168,11.7065270924364,A1S_3797,(),NirD/YgiW/YdeI family stress tolerance protein,WP_000721827.1,1380327,1380689,NZ_CP012004.1,Shared
28,1294,gene-ACX60_RS06570_ACX60_RS06570,0.0191574576445311,0.980842542355469,2.4933649026170484,2.4984260415970114,451.23661664416,874.852880529931,590.307633942111,116.804154607663,158.951630867822,49.4275588347315,A1S_2202,(),aspartate/glutamate racemase family protein,WP_000848685.1,1407761,1408489,NZ_CP012004.1,Shared
29,1295,gene-ACX60_RS06575_yddG,0.0172131032690723,0.982786896730928,1.868597750009507,1.876213935922168,91.9996985391005,257.616252479452,95.5058822556943,91.7746929060206,82.4193641536853,79.344239182069,A1S_2201,yddG,aromatic amino acid DMT transporter YddG,WP_000042000.1,1408504,1409415,NZ_CP012004.1,BlsA only
30,1296,gene-ACX60_RS06580_ACX60_RS06580,0.0026187004403689,0.997381299559631,1.8595414012042535,1.8602739048866588,1206.94842607249,1247.13070203203,1547.39849654705,458.873464530103,505.1129603133,153.485577434166,A1S_2200,(),sorbosone dehydrogenase family protein,WP_000957796.1,1409766,1411133,NZ_CP012004.1,Shared
31,1297,gene-ACX60_RS06585_ACX60_RS06585,0.0193085142861791,0.980691485713821,2.78873611172105,2.8009479619619797,212.475494245065,302.289591059704,255.021026023184,88.1990555200718,90.6613005690538,45.5253831372527,A1S_2199,(),GNAT family N-acetyltransferase,WP_001166574.1,1411161,1411613,NZ_CP012004.1,Shared
32,1319,gene-ACX60_RS06700_rplI,0.0200953604469417,0.979904639553058,-2.79544818500313,-2.79570636890601,3005.32348561062,1885.95944372963,3231.95969633366,5303.8621224908,5954.21035035981,13143.8284743411,A1S_2173,rplI,50S ribosomal protein L9,WP_000382591.1,1436006,1436452,NZ_CP012004.1,BlsA only
33,1331,gene-ACX60_RS06760_pgaB,6.62721956168344e-06,0.999993372780438,1.8308742549517902,1.8318735770991752,840.409944591307,719.240751142054,841.264579869308,426.692728056563,514.532316216578,338.188560448163,A1S_2161,pgaB,"poly-beta-1,6-N-acetyl-D-glucosamine N-deacetylase PgaB",WP_001061313.1,1449488,1451317,NZ_CP012004.1,Shared
34,1333,gene-ACX60_RS06770_pgaD,0.0159972873629224,0.984002712637078,1.8625071584385269,1.868579510269548,150.412205548053,100.515011805567,167.643303959463,82.2396598768237,93.0161395448734,59.833360694675,A1S_3792,pgaD,"poly-beta-1,6-N-acetyl-D-glucosamine biosynthesis protein PgaD",WP_000786639.1,1452561,1453025,NZ_CP012004.1,BlsA only
35,1336,gene-ACX60_RS06785_ACX60_RS06785,0.0189739483929697,0.98102605160703,-1.90019008993915,-1.90219173018596,1120.78997823428,128.063570596722,990.61952339683,1129.90141395984,921.919459033365,426.637876257683,A1S_3791,(),hypothetical protein,WP_000783724.1,1454915,1455418,NZ_CP012004.1,BlsA only
36,1373,gene-ACX60_RS06970_ACX60_RS06970,0.0280170941780065,0.971982905821994,2.143850506652663,2.1503887953779257,221.96752663402,213.687469542204,197.107884655369,88.1990555200718,69.4677497866776,65.0362616246467,A1S_2119,(),GNAT family N-acetyltransferase,WP_000637090.1,1499824,1500267,NZ_CP012004.1,Shared
37,1378,gene-ACX60_RS06995_miaA,0.0401323466076989,0.959867653392301,2.16603944333853,2.166891737171466,1389.48751047546,2503.94062742311,1658.14467916269,460.065343658753,505.1129603133,377.210317422951,A1S_2113,miaA,tRNA (adenosine(37)-N6)-dimethylallyltransferase MiaA,WP_000070779.1,1504237,1505181,NZ_CP012004.1,Shared
38,1406,gene-ACX60_RS07135_ACX60_RS07135,0.0148940645010324,0.985105935498968,1.8508011955036372,1.858917265678944,92.7298548767124,85.6238989454826,105.666082495662,42.9076486313863,55.3387159317601,46.8261083697457,A1S_2085,(),SDR family NAD(P)-dependent oxidoreductase,WP_000920701.1,1536170,1536853,NZ_CP012004.1,BlsA only
39,1420,gene-ACX60_RS07210_ACX60_RS07210,0.0118946399730093,0.988105360026991,2.798585389112887,2.889362815471308,45.2696929319384,21.5921136471217,51.8170212238342,9.53503302919695,5.88709743954895,1.30072523249293,A1S_2074,(),hypothetical protein,WP_000720309.1,1551965,1552390,NZ_CP012004.1,Shared
40,1427,gene-ACX60_RS07250_ACX60_RS07250,0.025336524495452,0.974663475504548,-1.93463454312954,-1.93717950226785,158.443925261784,130.297237525734,160.531163791486,460.065343658753,535.725866998954,556.710399506976,A1S_2068,(),benzoate/H(+) symporter BenE family transporter,WP_001169535.1,1560462,1561634,NZ_CP012004.1,Shared
41,1584,gene-ACX60_RS08050_ACX60_RS08050,0.0093224431092214,0.990677556890779,2.1141294279700134,2.114393206098953,5001.57091264158,4890.24146325156,5893.93215920514,1626.91501060673,1680.17760924727,545.00387241454,A1S_1951,(),PQQ-dependent sugar dehydrogenase,WP_001032866.1,1709802,1711244,NZ_CP012004.1,Shared
42,1585,gene-ACX60_RS08055_ACX60_RS08055,0.0201216418670308,0.979878358132969,3.3981335517128564,3.401447598521404,1478.56658366412,992.492672124594,2157.0105109451,286.050990875908,284.935516074169,96.2536672044772,A1S_1950,(),universal stress protein,WP_000120225.1,1711299,1711742,NZ_CP012004.1,Shared
43,1606,gene-ACX60_RS08160_ACX60_RS08160,1.44504932442224e-05,0.999985549506756,1.9156798730729534,1.9196403533522772,297.903785745659,192.095355895083,371.86332878281,139.449858052005,108.322592887701,98.8551176694631,A1S_1931,(),hypothetical protein,WP_000955083.1,1732494,1732820,NZ_CP012004.1,Shared
44,1615,gene-ACX60_RS08205_ACX60_RS08205,0.0053652635409154,0.994634736459085,2.0267571233497343,2.0296030405916277,262.126125202675,602.345515190395,402.343929502712,214.538243156931,186.032279089747,166.492829759096,,(),hypothetical protein,WP_000053889.1,1739468,1739662,NZ_CP012004.1,BlsA only
45,1632,gene-ACX60_RS08290_ACX60_RS08290,1.11022302462516e-16,1.0,2.8309860897383072,2.848609905950015,150.412205548053,169.758686604957,212.34818501532,114.420396350363,134.225821621716,49.4275588347315,A1S_1909,(),YnfA family protein,WP_000904308.1,1760203,1760565,NZ_CP012004.1,BlsA only
46,1674,gene-ACX60_RS08500_ACX60_RS08500,0.0040177567726277,0.995982243227372,12.261696735632565,12.382730847681897,61.3331323594003,208.475580041175,77.2175218237529,17.8781869297443,28.258067709835,3.9021756974788,A1S_1865,(),amidase,WP_001028549.1,1803283,1804392,NZ_CP012004.1,BlsA only
47,1675,gene-ACX60_RS08505_ACX60_RS08505,0.0113854006996207,0.988614599300379,11.743932833617057,11.838512691345388,70.0950084107432,218.899359043234,75.1854817757594,20.2619451870435,27.0806482219252,3.9021756974788,A1S_1864,(),acyl-CoA dehydrogenase,WP_104159503.1,1804429,1805577,NZ_CP012004.1,BlsA only
48,1676,gene-ACX60_RS08510_ACX60_RS08510,0.0008857393226083,0.999114260677392,12.32092950865554,12.595832938538589,27.0157844916406,61.0535627263441,48.7689611518439,5.95939564324809,8.24193641536853,3.9021756974788,A1S_1863,(),hypothetical protein,WP_000387550.1,1805606,1805965,NZ_CP012004.1,Shared
49,1677,gene-ACX60_RS08515_ACX60_RS08515,0.0001173701930835,0.999882629806916,16.74759852129168,17.300178358516117,32.8570351925359,61.0535627263441,39.6247809358732,2.38375825729924,5.88709743954895,2.60145046498587,A1S_1862,(),nuclear transport factor 2 family protein,WP_000130495.1,1805976,1806503,NZ_CP012004.1,Shared
50,1679,gene-ACX60_RS08525_ACX60_RS08525,0.0110925504051312,0.988907449594869,11.490037041339646,11.676464539068688,38.6982858934312,109.449679521617,36.5767208638829,9.53503302919695,7.06451692745874,3.9021756974788,A1S_3741,(),aromatic-ring-hydroxylating dioxygenase subunit beta,WP_001056937.1,1807821,1808306,NZ_CP012004.1,BlsA only
51,1680,gene-ACX60_RS08530_ACX60_RS08530,0.001916676576154,0.998083323423846,11.284021021574869,11.414191502307634,52.5712563080574,113.917013379642,57.9131413678147,26.2213408302916,12.9516143670077,5.20290092997174,A1S_1858,(),SDR family oxidoreductase,WP_000815905.1,1808317,1809054,NZ_CP012004.1,Shared
52,1681,gene-ACX60_RS08535_ACX60_RS08535,0.0331669657158713,0.966833034284129,12.719727922448097,12.878467379849171,58.4125070089527,113.917013379642,49.7849811758407,20.2619451870435,22.370970270286,10.4058018599435,A1S_1857,(),PDR/VanB family oxidoreductase,WP_000210282.1,1809089,1810042,NZ_CP012004.1,Shared
53,1703,gene-ACX60_RS08645_ACX60_RS08645,0.0067912323834677,0.993208767616532,2.181870667406946,2.1821620686392498,4617.50867905771,3421.97773524729,5462.12364900652,880.798676072068,1330.48402133806,227.626915686264,A1S_1833,(),alpha/beta hydrolase,WP_000542605.1,1836685,1837515,NZ_CP012004.1,Shared
54,1711,gene-ACX60_RS08685_ACX60_RS08685,0.0001157522152214,0.999884247784779,-1.96079824755227,-1.96440454995077,681.966019329523,77.4337868724364,633.996494973971,887.949950843966,999.629145235411,515.087192067202,A1S_1825,(),Rrf2 family transcriptional regulator,WP_000323486.1,1844453,1845001,NZ_CP012004.1,BlsA only
55,1780,gene-ACX60_RS09045_ACX60_RS09045,4.17463841273502e-11,0.999999999958254,2.0208535907228753,2.023075322787594,652.029609487435,440.776940658484,647.204755285929,390.936354197075,309.661325320275,261.44577173108,A1S_3727,(),hypothetical protein,WP_000658761.1,1917935,1918555,NZ_CP012004.1,BlsA only
56,1818,gene-ACX60_RS09240_ACX60_RS09240,0.0083207826304544,0.991679217369546,-2.76869616646733,-2.76912382108122,2621.26125202675,1163.74047001556,2311.4455545926,7465.93086186121,5231.2747847832,1116.02224947894,A1S_1731,(),3-oxoacid CoA-transferase subunit B,WP_000312584.1,1957299,1957940,NZ_CP012004.1,BlsA only
57,1846,gene-ACX60_RS09385_ACX60_RS09385,0.0425112275850729,0.957488772414927,1.977004694855594,1.9786690836783283,447.5858349561,669.355523060773,558.811013198212,182.357506683392,243.725833997326,100.155842901956,A1S_1705,(),"2,3-butanediol dehydrogenase",WP_000642313.1,1988902,1989960,NZ_CP012004.1,Shared
58,1883,gene-ACX60_RS09575_ACX60_RS09575,0.0148728355182215,0.985127164481779,1.8873129453531832,1.8909762215027697,156.253456248949,282.931144341595,210.316144967327,145.409253695253,93.0161395448734,58.5326354621821,A1S_1672,(),ABC transporter permease,WP_000006389.1,2023292,2024416,NZ_CP012004.1,BlsA only
59,1900,gene-ACX60_RS09660_ACX60_RS09660,0.0313326667452524,0.968667333254748,2.015818168190117,2.017320699029223,665.902579902061,734.131864002138,469.401251086498,721.086872833019,520.419413656127,317.376956728276,A1S_1658,(),HAD family hydrolase,WP_000904464.1,2041436,2043583,NZ_CP012004.1,BlsA only
60,1938,gene-ACX60_RS09850_ACX60_RS09850,0.000169499281524,0.999830500718476,2.3350979598168387,2.340829354798528,386.982858934312,329.838149850859,437.904630342599,102.501605063867,127.161304694257,45.5253831372527,A1S_1618,(),nucleoside-diphosphate sugar epimerase,WP_000156076.1,2085195,2085860,NZ_CP012004.1,Shared
61,1939,gene-ACX60_RS09855_rpsT,0.0027933360223627,0.997206663977637,-2.3936650469156,-2.3946260852715,471.680994097293,649.997076342664,539.506632742273,790.215862294697,858.338806686237,3060.60647205588,A1S_1617,rpsT,30S ribosomal protein S20,WP_000013652.1,2086073,2086339,NZ_CP012004.1,BlsA only
62,1945,gene-ACX60_RS09885_ACX60_RS09885,0.0435380608478994,0.956461939152101,1.9666651097232084,1.968520783893058,533.014126456693,486.939390524745,612.660074470039,212.154484899632,268.451643243432,122.268171854336,A1S_1612,(),ABC transporter permease,WP_000953834.1,2091287,2092429,NZ_CP012004.1,Shared
63,1952,gene-ACX60_RS09920_ACX60_RS09920,0.0454617241259485,0.954538275874051,1.898703625122188,1.9038132245906403,147.491580197606,165.291352746932,176.787484175434,77.4721433622252,85.9516226174146,48.1268336022386,A1S_1605,(),MotA/TolQ/ExbB proton channel family protein,WP_002009183.1,2103392,2104273,NZ_CP012004.1,Shared
64,2008,gene-ACX60_RS10225_ACX60_RS10225,5.254747859062551e-09,0.999999994745252,2.1082485259182353,2.108612480841539,3931.16172170252,3588.75819928023,4522.30512680953,2014.27572741786,2193.53250597594,841.569225422929,A1S_1574,(),lipopolysaccharide assembly protein LapA domain-containing protein,WP_001269278.1,2149183,2149548,NZ_CP012004.1,Shared
65,2061,gene-ACX60_RS10490_ACX60_RS10490,0.0001099142699634,0.999890085730037,2.0542604370509654,2.054465161929147,5720.04474885169,4970.65347269602,6871.34342229001,1810.46439641877,2052.24216742676,805.148918913127,A1S_1523,(),YceI family protein,WP_000550328.1,2199067,2199657,NZ_CP012004.1,Shared
66,2175,gene-ACX60_RS11070_yfcF,0.0186708927030117,0.981329107296988,1.9827038408254545,1.9837016802313647,833.8385375528,1066.94823642501,1029.22828430871,339.685551665141,374.419397155313,175.597906386546,A1S_1412,yfcF,glutathione transferase,WP_001058364.1,2317432,2318058,NZ_CP012004.1,Shared
67,2176,gene-ACX60_RS11075_yghU,0.0031765768067026,0.996823423193297,1.978345034213845,1.9788783112987487,1862.62881724798,1544.2084035907,2193.58723180898,511.316146190686,686.435561451407,312.174055798304,A1S_3664,yghU,glutathione-dependent disulfide-bond oxidoreductase,WP_001285227.1,2318092,2318952,NZ_CP012004.1,Shared
68,2197,gene-ACX60_RS11180_ACX60_RS11180,1.41553047395826e-05,0.99998584469526,2.4885084013421577,2.497214514540917,132.158297107756,151.889351172856,171.70738405545,48.8670442746344,78.8871056899559,50.7282840672245,A1S_1388,(),hypothetical protein,WP_000795915.1,2341187,2341423,NZ_CP012004.1,Shared
69,2200,gene-ACX60_RS11200_katE,0.0345107812626743,0.965489218737326,3.8382105457277156,3.838455372846932,23798.7156681226,27536.6459008672,27653.0169931195,1529.18092205746,2128.7744341409,412.32989870026,A1S_1386,katE,catalase HPII,WP_104159542.1,2344693,2346837,NZ_CP012004.1,Shared
70,2204,gene-ACX60_RS11220_ACX60_RS11220,0.0027963053826481,0.997203694617352,3.063168183028526,3.0793945225647787,370.91941950685,361.109486857035,391.167709238748,30.9888573448901,25.9032287340154,9.10507662745054,A1S_1383,(),hypothetical protein,WP_000132045.1,2349708,2350025,NZ_CP012004.1,Shared
71,2237,gene-ACX60_RS11390_ACX60_RS11390,0.0095253798413175,0.990474620158682,1.8546382352361128,1.8631911846625626,120.475795705965,94.558566661533,122.938422903607,42.9076486313863,44.741940540572,36.4203065098022,A1S_3654,(),hypothetical protein,WP_000670331.1,2389913,2390539,NZ_CP012004.1,Shared
72,2357,gene-ACX60_RS12000_ACX60_RS12000,2.66856869934884e-08,0.999999973314313,2.2406734507029533,2.2535810638541043,201.523149180887,108.705123878613,203.20400479935,57.2101981751817,60.0483938833993,41.6232074397739,A1S_1233,(),DUF4142 domain-containing protein,WP_000644343.1,2527720,2528313,NZ_CP012004.1,Shared
73,2371,gene-ACX60_RS12080_ACX60_RS12080,0.0001706215202008,0.999829378479799,-2.29765534718296,-2.30540154320137,126.31704640686,50.6297837242854,121.92240287961,189.508781455289,220.177444239131,381.11249312043,A1S_1224,(),transposase,WP_000636785.1,2539598,2539831,NZ_CP012004.1,Shared
74,2404,gene-ACX60_RS12250_ACX60_RS12250,0.0169900766837475,0.983009923316252,3.7692962982115525,3.7695256514301345,35043.123267346,37433.279507679,38823.1411369397,4698.3875251368,5781.12968563707,383.713943585416,A1S_1193,(),OmpA family protein,WP_000026485.1,2573873,2575288,NZ_CP012004.1,Shared
75,2529,gene-ACX60_RS12885_ACX60_RS12885,0.0359936281728096,0.96400637182719,-2.25600126515742,-2.30900612823601,8.76187605134291,9.67922335905456,8.12816019197399,45.2914068886855,41.2096820768426,20.811603719887,,(),hypothetical protein,WP_000461712.1,2694483,2694893,NZ_CP012004.1,Shared
76,2542,gene-ACX60_RS12950_ACX60_RS12950,0.0057834829036111,0.994216517096389,-2.06339858396649,-2.07066116571849,88.348916851041,92.3248997325204,90.4257821357106,179.973748426092,182.500020626017,235.431267081221,A1S_3599,(),hypothetical protein,WP_000735018.1,2709436,2709906,NZ_CP012004.1,Shared
77,2581,gene-ACX60_RS13150_ACX60_RS13150,7.00350497376823e-05,0.999929964950262,-1.90027080696944,-1.90266236890412,297.173629408047,84.8793433024784,310.902127343005,524.426816605832,672.30652759649,823.359072168028,A1S_1046,(),LysE/ArgO family amino acid transporter,WP_031945447.1,2764631,2765233,NZ_CP012004.1,Shared
78,2610,gene-ACX60_RS13295_ACX60_RS13295,4.05086508155073e-05,0.999959491349184,1.955181989023797,1.963560978821162,102.952043603279,100.515011805567,117.858322783623,48.8670442746344,60.0483938833993,31.2174055798304,A1S_1016,(),urease accessory protein,WP_000103638.1,2797382,2798047,NZ_CP012004.1,Shared
79,2618,gene-ACX60_RS13335_ACX60_RS13335,0.0343895675520751,0.965610432447925,2.014541722384219,2.0149234399535345,4419.63631156488,2116.77169306093,4705.18873112894,989.259676779183,1143.27432276041,338.188560448163,A1S_1009,(),copper resistance protein NlpE,WP_000749178.1,2803081,2803560,NZ_CP012004.1,Shared
80,2631,gene-ACX60_RS13400_ACX60_RS13400,0.0439928070609407,0.956007192939059,-2.36149180059879,-2.38065051882415,25.5554718164168,40.9505603652308,28.448560671909,48.8670442746344,52.9838769559405,52.0290092997174,A1S_0995,(),rubredoxin,WP_000760495.1,2819321,2819485,NZ_CP012004.1,BlsA only
81,2702,gene-ACX60_RS13760_ACX60_RS13760,0.0106249582077803,0.98937504179222,-2.32833590013287,-2.34407498784191,39.4284422310431,34.9941152211972,38.6087609118764,91.7746929060206,108.322592887701,291.362452078417,A1S_0922,(),homocysteine S-methyltransferase family protein,WP_000696107.1,2901887,2902765,NZ_CP012004.1,BlsA only
82,2735,gene-ACX60_RS13925_ACX60_RS13925,0.0008424529766873,0.999157547023313,-1.82650501456763,-1.82753931314714,284.760971668644,330.582705493863,278.389486575109,437.41964021441,435.645210526622,521.590818229667,A1S_0891,(),bacteriohemerythrin,WP_000782976.1,2939034,2939489,NZ_CP012004.1,BlsA only
83,2765,gene-ACX60_RS14075_ACX60_RS14075,1.63202784619898e-14,0.999999999999984,1.9763936227054175,1.982975708571473,122.666264718801,107.216012592604,121.92240287961,77.4721433622252,60.0483938833993,70.2391625546185,A1S_0860,(),hypothetical protein,WP_001048354.1,2970918,2971478,NZ_CP012004.1,BlsA only
84,2795,gene-ACX60_RS14225_rplY,0.022372343528179,0.977627656471821,-3.03189147545707,-3.03385138764611,413.26848708834,250.17069604941,437.904630342599,1007.13786370893,1275.1453054063,2591.04466312593,A1S_0828,rplY,50S ribosomal protein L25,WP_001273421.1,2998499,2998795,NZ_CP012004.1,Shared
85,2804,gene-ACX60_RS14270_acpP,0.0008136151434715,0.999186384856528,-2.25439962082886,-2.25483373181231,1077.71075431518,671.589189989785,1354.35469198767,1511.30273512772,1959.22602788189,2766.64256951247,A1S_0819,acpP,acyl carrier protein,WP_001279871.1,3005698,3005934,NZ_CP012004.1,BlsA only
86,2807,gene-ACX60_RS14285_rpmF,1.31909242417905e-08,0.999999986809076,-3.20807693056914,-3.21017380724829,347.554416703269,370.044154573086,531.378472550299,556.607553079372,778.274281508371,1289.0187054005,A1S_0816,rpmF,50S ribosomal protein L32,WP_000290730.1,3007889,3008074,NZ_CP012004.1,BlsA only
87,2809,gene-ACX60_RS14295_ACX60_RS14295,0.013505279809114,0.986494720190886,1.9180357896926066,1.9215892858446422,156.98361258656,354.408486069998,215.396245087311,116.804154607663,203.693571408394,218.521839058813,A1S_0814,(),elongation factor P hydroxylase,WP_000550445.1,3008806,3009468,NZ_CP012004.1,BlsA only
88,2820,gene-ACX60_RS14350_ACX60_RS14350,0.0002782331789185,0.999721766821081,2.992030606485137,2.9947134013629615,2324.08762261871,990.259005195581,2613.20350171964,367.098771624083,390.90326998605,373.308141725472,A1S_0803,(),trehalose-6-phosphate synthase,WP_000040106.1,3018669,3020099,NZ_CP012004.1,Shared
89,2841,gene-ACX60_RS14455_ACX60_RS14455,0.0221091118589494,0.977890888141051,-2.17973527654721,-2.18610326854786,147.491580197606,99.7704561625623,144.274843407538,199.043814484486,234.306478094048,347.293637075614,A1S_0781,(),5'-methylthioadenosine/S-adenosylhomocysteine nucleosidase,WP_001159880.1,3046223,3047095,NZ_CP012004.1,Shared
90,2852,gene-ACX60_RS14515_ACX60_RS14515,5.2458126972299e-06,0.999994754187303,4.210843594382909,4.210932262551916,107636.726665397,87956.5917750147,125176.715016471,8659.00186963948,13078.7756717019,1352.75424179265,A1S_0771,(),mechanosensitive ion channel,WP_001001664.1,3058699,3060375,NZ_CP012004.1,Shared
91,2861,gene-ACX60_RS14560_nuoM,0.0004630239786115,0.999536976021388,2.0216728322999793,2.021755213684295,10380.6326518285,9015.07972549481,12871.9576840148,6271.66797495429,6144.95230740119,7245.03954498565,A1S_0763,nuoM,NADH-quinone oxidoreductase subunit M,WP_000429844.1,3066598,3068196,NZ_CP012004.1,BlsA only
92,2862,gene-ACX60_RS14565_nuoL,7.20033017695965e-05,0.99992799669823,1.8815285230435728,1.8815976021488394,10233.8712279685,9083.5788446512,12332.4510512725,6176.31764466232,6121.403917643,7640.4600156635,A1S_0762,nuoL,NADH-quinone oxidoreductase subunit L,WP_000121137.1,3068198,3070087,NZ_CP012004.1,BlsA only
93,2864,gene-ACX60_RS14575_nuoJ,0.0022012212511263,0.997798778748874,1.8775023502595891,1.8778840824720144,1746.53395956769,1868.83466394053,2194.60325183298,1104.8719522582,1116.19367453848,1387.87382306996,A1S_0760,nuoJ,NADH-quinone oxidoreductase subunit J,WP_014205902.1,3070392,3070910,NZ_CP012004.1,BlsA only
94,2866,gene-ACX60_RS14585_nuoH,4.77230080991875e-05,0.999952276991901,1.9880956913061956,1.9882297740013215,5750.71131503139,5610.22677003662,7394.59373464833,2800.9159523266,2990.64549929087,3787.71187701943,A1S_0758,nuoH,NADH-quinone oxidoreductase subunit NuoH,WP_001070989.1,3071471,3072487,NZ_CP012004.1,Shared
95,2916,gene-ACX60_RS14840_ACX60_RS14840,0.0226153563233751,0.977384643676625,2.0276358233558924,2.029817986291971,438.093802567145,562.884066111173,468.385231062501,243.143342244522,261.387126315973,146.981951271702,A1S_0709,(),cation transporter,WP_001131871.1,3134780,3135775,NZ_CP012004.1,Shared
96,2942,gene-ACX60_RS14970_raiA,0.0147760329141988,0.985223967085801,3.2696535674503155,3.270255349415862,4277.25582573056,5728.61111727429,5829.92289769334,673.411707687035,733.532340967799,279.655924985981,A1S_0683,raiA,ribosome-associated translation inhibitor RaiA,WP_001167461.1,3162016,3162354,NZ_CP012004.1,Shared
97,2968,gene-ACX60_RS15100_ACX60_RS15100,1.60725712516907e-07,0.999999839274287,-4.15190314626389,-4.15304548374691,1190.88498664502,556.183065324135,1353.33867196367,2953.47648079375,2653.90352574867,3479.4399969186,A1S_3506,(),hypothetical protein,WP_000897673.1,3191968,3192219,NZ_CP012004.1,Shared
98,3073,gene-ACX60_RS15625_ACX60_RS15625,0.0498427384657535,0.950157261534247,2.195731197709997,2.1980451120363522,396.474891323267,509.27605981487,449.080850606563,151.368649338502,133.048402133806,110.561644761899,A1S_0496,(),phosphatase PAP2 family protein,WP_000669565.1,3302015,3302566,NZ_CP012004.1,Shared
99,3147,gene-ACX60_RS15995_infA,0.0,1.0,-2.80275784617826,-2.80670212689171,277.459408292525,240.491472690355,354.590988374865,420.733332413315,503.93554082539,936.522167394913,A1S_0421,infA,translation initiation factor IF-1,WP_001284370.1,3385024,3385245,NZ_CP012004.1,BlsA only
100,3159,gene-ACX60_RS16055_katG,0.0254501505065472,0.974549849493453,2.139861832301817,2.1400028899972856,7258.48415219999,7901.22448356053,8196.23353358177,3035.71614067058,3694.74235306092,867.583730072788,A1S_0412,katG,catalase/peroxidase HPI,WP_000064282.1,3395882,3398038,NZ_CP012004.1,Shared
101,3192,gene-ACX60_RS16225_tusA,0.0095077337968793,0.990492266203121,-1.93656738616203,-1.94289434500859,91.9996985391005,73.7110086574155,99.5699623516813,112.036638093064,114.20969032725,140.478325109237,A1S_0376,tusA,sulfurtransferase TusA,WP_000003406.1,3432008,3432265,NZ_CP012004.1,BlsA only
102,3262,gene-ACX60_RS16580_ACX60_RS16580,0.0002364075936758,0.999763592406324,2.036205173182311,2.0409569727258265,303.014880108942,183.905243822037,370.847308758813,97.7340885492687,96.5483980086027,48.1268336022386,A1S_0301,(),alpha/beta hydrolase,WP_001986386.1,3517272,3517916,NZ_CP012004.1,Shared
103,3269,gene-ACX60_RS16615_ACX60_RS16615,4.34663123149992e-06,0.999995653368769,2.037585364016818,2.039902060615956,567.331474324453,424.396716512392,627.90037482999,166.863078010947,209.580668847943,75.4420634845902,A1S_0293,(),lysozyme inhibitor LprI family protein,WP_001080202.1,3524644,3524997,NZ_CP012004.1,Shared
104,3310,gene-ACX60_RS16820_ACX60_RS16820,0.0279359801948189,0.972064019805181,1.8302630876485066,1.8340907991356608,173.777208351634,253.148918621427,197.107884655369,112.036638093064,107.145173399791,68.9384373221256,A1S_0252,(),hypothetical protein,WP_198482718.1,3564302,3565381,NZ_CP012004.1,Shared
105,3404,gene-ACX60_RS17295_ACX60_RS17295,0.0357455938175701,0.96425440618243,-2.1155840956216,-2.1159335011675,1994.05695801812,1023.76400913077,2033.05606801749,3649.53389192513,3745.37139104104,4068.6685272379,A1S_0157,(),DUF2846 domain-containing protein,WP_000669951.1,3665481,3665963,NZ_CP012004.1,Shared
106,3460,gene-ACX60_RS17575_ACX60_RS17575,0.0295012759401071,0.970498724059893,-2.21561616298433,-2.21616391181862,891.520888224141,636.595074768588,655.332915477903,4732.95201986764,3014.19388904906,1369.66366981506,A1S_0099,(),amino acid permease,WP_000205430.1,3725452,3726891,NZ_CP012004.1,Shared
107,3467,gene-ACX60_RS17610_ACX60_RS17610,0.0009697336988506,0.999030266301149,1.9631253614269235,1.9639216256100174,1111.29794584533,1129.49091043737,1143.02252699634,566.142586108569,572.225871124158,214.619663361334,A1S_0091,(),nuclear transport factor 2 family protein,WP_000059273.1,3733822,3734202,NZ_CP012004.1,Shared
108,3528,gene-ACX60_RS17920_ACX60_RS17920,5.953948445380769e-11,0.999999999940461,-3.55636301068984,-3.59546830917166,265.046750553123,26.8040031481511,186.947684415402,401.663266354921,342.629070981749,139.177599876744,A1S_0032,(),RcnB family protein,WP_000724538.1,3803764,3804084,NZ_CP012004.1,BlsA only
109,3555,gene-ACX60_RS18055_grpE,0.0057140340304323,0.994285965969568,-1.91342729189449,-1.9142129654396,580.474288401468,294.844034629662,679.717396053825,924.898203832104,969.016238549757,1263.00420075064,A1S_2959,grpE,nucleotide exchange factor GrpE,WP_001262789.1,3830596,3831150,NZ_CP012004.1,Shared
110,3573,gene-ACX60_RS18150_ACX60_RS18150,0.0179471020363879,0.982052897963612,2.4591788940148285,2.4606579375322943,1837.07334543156,1316.37437683142,2426.25581730423,429.076486313863,500.403282361661,59.833360694675,A1S_2975,(),GlsB/YeaQ/YmgE family stress response membrane protein,WP_000269732.1,3850611,3850862,NZ_CP012004.1,Shared
111,3591,gene-ACX60_RS18255_ACX60_RS18255,0.0020994928801979,0.997900507119802,1.9463231783456747,1.9469509689501991,1375.61454006084,1382.63982905879,1599.21551777088,477.943530588497,414.451659744246,332.985659518191,,(),hypothetical protein,WP_000069169.1,14039,14398,NZ_CP012005.1,Shared
112,3663,gene-ACX60_RS18650_ACX60_RS18650,5.26864398209259e-06,0.999994731356018,-2.54293839988405,-2.55853236073226,194.221585804768,32.7604482921846,180.851564271421,220.497638800179,244.903253485236,232.829816616235,A1S_0664,(),replication protein C,WP_000743064.1,83425,84306,NZ_CP012005.1,BlsA only
113,3665,gene-ACX60_RS18660_trbJ,1.05830037355759e-06,0.999998941699626,-2.36268341474485,-2.36566224769835,686.346957355194,155.612129387877,657.364955525896,911.787533416958,1018.46785704197,797.344567518169,A1S_0665,trbJ,P-type conjugative transfer protein TrbJ,WP_000836966.1,85668,86447,NZ_CP012005.1,BlsA only
114,3666,gene-ACX60_RS18665_trbK,0.0008774556562949,0.999122544343705,-3.14189782575397,-3.19149069217033,71.5553210859671,16.3802241460923,51.8170212238342,101.309725935218,127.161304694257,89.7500410420125,,trbK,entry exclusion lipoprotein TrbK,WP_000718002.1,86460,86696,NZ_CP012005.1,Shared
115,3667,gene-ACX60_RS18670_trbL,1.35539693734144e-05,0.999986446030627,-2.69402277093817,-2.69707213484014,1079.90122332801,122.851681095692,923.562201813044,1429.06307525089,1724.91954978784,1279.91362877305,A1S_0666,trbL,P-type conjugative transfer protein TrbL,WP_001405816.1,86707,88134,NZ_CP012005.1,BlsA only
116,3668,gene-ACX60_RS18675_ACX60_RS18675,2.75978688879519e-06,0.999997240213111,-2.86507679008011,-2.94457183795069,35.7776605429835,13.4020015740755,37.5927408878797,39.3320112454374,74.1774277383168,45.5253831372527,,(),hypothetical protein,WP_000213809.1,88139,88387,NZ_CP012005.1,BlsA only
117,3677,gene-ACX60_RS18720_ACX60_RS18720,0.0002701813006439,0.999729818699356,-2.16342267591453,-2.17134984012473,151.142361885665,34.249559578193,131.066583095581,160.903682367699,219.000024751221,165.192104526603,A1S_0673,(),IS91 family transposase,WP_001120888.1,93010,94503,NZ_CP012005.1,BlsA only
118,3681,gene-ACX60_RS18755_ACX60_RS18755,2.05320094259775e-10,0.99999999979468,2.2969512785357247,2.2973068695552827,3371.79625302141,4064.68561184494,3759.71097739829,1435.8567862842,1499.66742755582,1052.55986538561,A1S_0207,(),heteromeric transposase endonuclease subunit TnsA,WP_000736393.1,99399,100109,NZ_CP012005.1,Shared
119,3774,gene-ACX60_RS19590_ACX60_RS19590,0.0045053711075361,0.995494628892464,3.1289882777001674,3.1424733997821193,264.316594215511,318.669815205796,367.799248686823,64.3614729470794,80.0645251778657,44.2246579047598,A1S_3585,(),hypothetical protein,WP_000854552.1,2840926,2841090,NZ_CP012004.1,Shared
