"","genes","PPEE","PPDE","PostFC","RealFC","Direction","WTL1.genes.results","WTL2.genes.results","WTL3.genes.results","WTD1.genes.results","WTD2.genes.results","WTD3.genes.results"
"6","gene-ACX60_RS00030_ACX60_RS00030",0.00152050544332494,0.998479494556675,1.87943008152985,1.88340612318219,"D Over L",127.777359082084,90.0912328035078,130.050563071584,160.903682367699,247.258092461056,247.137794173658
"18","gene-ACX60_RS00090_ACX60_RS00090",3.96503063559983e-06,0.999996034969364,0.380229018061849,0.380143246209452,"D Over L",3680.11206814141,4559.53218329839,3127.48235726607,975.755686251583,1917.8161844921,1427.545942661
"35","gene-ACX60_RS00175_ACX60_RS00175",7.88634782855624e-06,0.999992113652171,1.84617299315033,1.84988736844574,"D Over L",119.745639368353,136.998238312772,101.602002399675,222.881397057479,182.500020626017,257.543596033601
"45","gene-ACX60_RS00225_ACX60_RS00225",0,1,0.376468298540978,0.376318941080731,"D Over L",2099.92962697185,2034.12601668746,2433.36795747221,912.979412545608,1004.33882318705,554.10894904199
"52","gene-ACX60_RS00260_ACX60_RS00260",0.00205962087641653,0.997940379123583,0.191372497387729,0.191124181928226,"D Over L",1470.53486395038,1227.02769967092,2425.23979728024,359.947496852185,584.000066003256,35.1195812773092
"54","gene-ACX60_RS00270_ACX60_RS00270",0.0210715871665397,0.97892841283346,0.375198310150042,0.374557652964577,"D Over L",589.23616445281,334.305483708884,610.628034422046,212.154484899632,240.193575533597,122.268171854336
"75","gene-ACX60_RS00375_ACX60_RS00375",0.000104790136071342,0.999895209863929,3.52647312534211,3.59564155440785,"D Over L",19.7142211155215,16.3802241460923,21.3364205039317,47.6751651459847,60.0483938833993,98.8551176694631
"76","gene-ACX60_RS00380_hutU",0,1,11.2450067822193,11.2465979168917,"D Over L",3072.49786867091,4070.48570030394,2986.08285052644,49144.7521116097,25229.744786931,39543.3477930177
"77","gene-ACX60_RS00385_hutH",0,1,15.5297443031919,15.5337764535352,"D Over L",2016.69180448409,1865.85644136852,1786.16320218628,35467.9391103553,20350.5184290328,32238.4748873374
"78","gene-ACX60_RS00390_ACX60_RS00390",0,1,18.764574506034,18.7755658040027,"D Over L",922.917610741453,754.979422006255,864.633040421233,19860.2819206886,12203.952992185,15673.7390515399
"79","gene-ACX60_RS00395_hutI",0,1,17.75245780927,17.765249228498,"D Over L",660.061329201166,710.306083426004,689.877596293792,12952.1504910354,10340.0979428238,13309.0205788677
"80","gene-ACX60_RS00400_hutG",0,1,25.528632837019,25.5774707957938,"D Over L",223.427839309244,326.859927278842,239.780725663233,6336.02944790137,5460.8715849256,8411.79007853181
"81","gene-ACX60_RS00405_ACX60_RS00405",1.09012860810553e-05,0.999989098713919,2.53835021908978,2.54648600566383,"D Over L",105.142512616115,119.128902880671,73.1534417277659,296.777903033755,283.758096586259,176.898631619039
"98","gene-ACX60_RS00495_dtd",0.00496164065102966,0.99503835934897,1.84069381378506,1.84653070460867,"D Over L",57.6823506713408,88.6021215174994,80.2655818957431,114.420396350363,128.338724182167,175.597906386546
"112","gene-ACX60_RS00565_ACX60_RS00565",0.00066810025755959,0.99933189974244,0.404517268224485,0.404055487413454,"D Over L",528.633188431022,723.708085000079,776.239298333516,314.656089963499,369.709719203674,135.275424179265
"145","gene-ACX60_RS00750_ACX60_RS00750",1.88998535233242e-05,0.999981100146477,3.32737218280923,3.35189617006518,"D Over L",52.5712563080574,46.9070055092644,49.7849811758407,160.903682367699,111.85485135143,227.626915686264
"186","gene-ACX60_RS00955_ACX60_RS00955",4.31144341712653e-05,0.999956885565829,0.510260837326252,0.508895259614701,"D Over L",210.28502523223,171.992353533969,181.867584295418,107.269121578466,121.274207254708,58.5326354621821
"187","gene-ACX60_RS00960_betT",0,1,0.213671097664536,0.213622193903616,"D Over L",7649.11779282236,8245.20919062847,9400.21726201792,2005.93257351731,2471.40350512265,926.11636553497
"207","gene-ACX60_RS01060_ACX60_RS01060",0,1,0.244222049047138,0.244085852926866,"D Over L",2649.73734919362,3098.84058618347,2981.00275040646,834.315390054733,972.548497013486,323.880582890741
"211","gene-ACX60_RS01080_ACX60_RS01080",0.00189548228631153,0.998104517713688,0.543588861058349,0.542850602047942,"D Over L",349.014729378492,273.996476625544,349.510888254881,219.30575967153,195.451634993025,113.163095226885
"212","gene-ACX60_RS01085_ACX60_RS01085",0.00118185937688509,0.998818140623115,5.95296453939862,5.97508696302125,"D Over L",117.555170355517,111.683346450629,122.938422903607,461.257222787402,493.338765434202,1149.84110552375
"215","gene-ACX60_RS01100_ACX60_RS01100",0.000407018390527591,0.999592981609472,1.95748285257465,1.9665861466058,"D Over L",66.4442267226837,57.3307845113231,41.6568209838667,114.420396350363,84.7742031295049,126.170347551815
"239","gene-ACX60_RS01220_ACX60_RS01220",1.02996847489711e-05,0.999989700315251,0.383777225767748,0.383637291393187,"D Over L",2394.18263102945,2335.67105210416,2197.65131190497,1086.99376532845,1359.91950853581,210.717487663855
"240","gene-ACX60_RS01225_ACX60_RS01225",0.0184509014624711,0.981549098537529,4.37103918864874,4.38984660456056,"D Over L",116.094857680294,55.0971175823105,110.746182615646,307.504815191602,246.080672973146,684.181472291284
"243","gene-ACX60_RS01240_aqpZ",6.43929354282591e-15,0.999999999999994,0.247206872119687,0.247145912269966,"D Over L",5352.7761110329,7240.05907257281,6833.75068140213,1777.09178081658,2087.56475206406,936.522167394913
"249","gene-ACX60_RS01270_ACX60_RS01270",0.000160172263460989,0.999839827736539,0.458663576600975,0.458310922916714,"D Over L",654.950234837882,927.716331183229,832.120399653337,377.825683781929,467.435536700186,261.44577173108
"250","gene-ACX60_RS01275_ACX60_RS01275",0.0452259355774206,0.954774064422579,0.372970984716176,0.371943684751465,"D Over L",235.840497048647,437.798718086468,286.517646767083,148.984891081202,136.580660597536,71.5398877871114
"254","gene-ACX60_RS01295_ACX60_RS01295",1.7018340114916e-07,0.999999829816599,2.80491837700845,2.82149696361524,"D Over L",54.0315689832813,60.3090070833399,56.8971213438179,138.257978923356,134.225821621716,210.717487663855
"262","gene-ACX60_RS01335_ACX60_RS01335",0.0307817151850061,0.969218284814994,2.474425136343,2.47460079232627,"D Over L",3584.33746133686,6508.16087549968,3112.06933350204,14170.2509605153,11025.3560847873,7480.47081206687
"266","gene-ACX60_RS01355_ACX60_RS01355",5.295763827462e-14,0.999999999999947,0.272853230664519,0.272437368920018,"D Over L",907.584327651603,1061.73634692398,781.319398453499,277.707836975361,340.274232005929,131.373248481786
"271","gene-ACX60_RS01380_ACX60_RS01380",0.0372159631486246,0.962784036851375,0.414569971422082,0.414164183213149,"D Over L",603.839291205049,1021.53034220176,644.156695213938,315.847969092149,362.645202276215,261.44577173108
"285","gene-ACX60_RS01450_ACX60_RS01450",7.65950591841147e-09,0.999999992340494,2.89812048796714,2.90105824790093,"D Over L",430.792239191026,244.214250905376,341.382728062907,899.868742130462,818.306544097304,1230.48606993832
"290","gene-ACX60_RS01475_ACX60_RS01475",3.07887049189048e-12,0.999999999996921,2.07217757012343,2.07943652975431,"D Over L",83.2378224877576,87.113010231491,61.9772214638016,182.357506683392,146.000016500814,154.786302666659
"311","gene-ACX60_RS01580_ACX60_RS01580",1.09841691298129e-10,0.999999999890158,0.330664556219594,0.330587695359076,"D Over L",4121.73252581923,4367.56340186262,5210.15068305533,1840.26137463501,2012.20990483783,676.377120896326
"312","gene-ACX60_RS01585_ACX60_RS01585",0,1,0.354167592538768,0.353997619757435,"D Over L",1855.32725387186,2070.60924319467,2051.34442844943,840.274785697981,910.145264154267,365.503790330515
"313","gene-ACX60_RS01590_ACX60_RS01590",0,1,0.2421899477751,0.241325391732373,"D Over L",454.157241994607,481.727501023715,442.984730462582,126.33918763686,153.064533428273,53.3297345322103
"317","gene-ACX60_RS01610_ACX60_RS01610",4.36427460837052e-09,0.999999995635725,5.65111933549479,5.75435170984518,"D Over L",18.9840647779096,30.5267813631721,21.3364205039317,125.14730850821,95.370978520693,187.304433478983
"334","gene-ACX60_RS01695_ACX60_RS01695",0,1,2.37712308605427,2.38350560957895,"D Over L",143.840798509546,87.8575658744952,107.698122543655,289.626628261857,269.629062731342,249.739244638643
"338","gene-ACX60_RS01715_ACX60_RS01715",0,1,0.148864330888101,0.148237656774935,"D Over L",667.362892577285,713.28430599802,755.918897853581,137.066099794706,135.403241109626,44.2246579047598
"346","gene-ACX60_RS01755_ACX60_RS01755",2.28467271323751e-07,0.999999771532729,0.488842505843489,0.486422542334319,"D Over L",114.63454500507,110.938790807625,106.682102519659,71.5127477189771,58.8709743954895,31.2174055798304
"347","gene-ACX60_RS01760_ACX60_RS01760",0.00012252117198519,0.999877478828015,2.20607085246582,2.20677503190815,"D Over L",1093.04403740503,431.842272942434,1169.43904762026,1749.67856085764,2012.20990483783,2183.91766535564
"349","gene-ACX60_RS01770_ACX60_RS01770",8.45209781530354e-06,0.999991547902185,0.443783532877691,0.443555237179863,"D Over L",1290.18624856024,1074.39379285506,1468.1489346753,632.887817312948,702.919434282144,364.203065098022
"358","gene-ACX60_RS01815_ACX60_RS01815",5.79389516697226e-05,0.99994206104833,2.06402177616341,2.06409617522588,"D Over L",6426.10592732241,10336.6659918273,5735.43303546164,16413.3674806339,16651.0663980202,13374.0568404924
"360","gene-ACX60_RS01825_astA",0.00550544886958415,0.994494551130416,2.61047494213302,2.61120819726284,"D Over L",1379.2653217489,1002.91645112665,1072.91714534057,3765.14616740415,3508.71007397117,1748.1747124705
"361","gene-ACX60_RS01830_astD",0.0304244727777954,0.969575527222205,2.54716188904826,2.54749752740331,"D Over L",2904.56191102017,2019.23490382738,2327.70187497655,7313.37033339406,7766.25894225297,3393.59213157407
"362","gene-ACX60_RS01835_astB",0.0036954230914934,0.996304576908507,2.7138951781823,2.71434441903861,"D Over L",2440.182480299,1612.70752274709,1948.72640602576,6316.95938184298,6785.46850882412,3188.07754484018
"363","gene-ACX60_RS01840_astE",0.00261783590784848,0.997382164092152,2.82580016772545,2.8267056670655,"D Over L",1301.86874996203,678.290190776823,1191.79148814819,3593.5155728786,3632.3391202017,1740.37036107555
"366","gene-ACX60_RS01855_ACX60_RS01855",3.55753907884671e-05,0.999964424609212,0.442713865040821,0.44186935062264,"D Over L",296.443473070435,393.125379506216,348.494868230885,179.973748426092,195.451634993025,83.2464148795478
"367","gene-ACX60_RS01860_ACX60_RS01860",8.81850148459762e-13,0.999999999999118,0.250610090067878,0.249850848192228,"D Over L",436.633489891921,586.709846687307,529.346432502306,164.479319753647,176.612923186468,46.8261083697457
"368","gene-ACX60_RS01865_ACX60_RS01865",0.000119653293636945,0.999880346706363,0.380293426799536,0.378948014414345,"D Over L",194.95174214238,291.865812057645,237.748685615239,116.804154607663,108.322592887701,49.4275588347315
"369","gene-ACX60_RS01870_ACX60_RS01870",0.00331132835968506,0.996688671640315,2.05831768198865,2.07386912849374,"D Over L",27.7459408292525,52.863450653298,26.4165206239155,85.8152972627725,65.9354913229482,70.2391625546185
"373","gene-ACX60_RS01890_ACX60_RS01890",0.000855634531268024,0.999144365468732,8.15697929077556,8.19930455779416,"D Over L",86.8886041758172,96.7922335905455,82.2976219437366,456.489706272804,486.274248506743,1238.29042133327
"385","gene-ACX60_RS01950_hemF",0,1,0.214959187967699,0.214914439328656,"D Over L",7787.11734063101,10507.1692340752,9303.69535973822,1829.53446247716,2728.08095348698,1373.56584551254
"389","gene-ACX60_RS01970_ACX60_RS01970",0.0235474369624213,0.976452563037579,2.7363464642813,2.73657598622957,"D Over L",3788.05107953058,4643.04898977417,3469.7083819489,7788.93010572526,9081.43651024821,15697.1521057247
"408","gene-ACX60_RS02070_ACX60_RS02070",5.65144708808418e-10,0.999999999434855,0.425635617096319,0.425302115601007,"D Over L",922.917610741453,804.864650087536,981.475343180859,411.198299384118,500.403282361661,240.634168011193
"409","gene-ACX60_RS02075_ACX60_RS02075",1.67434299802594e-06,0.999998325657002,0.514338036875423,0.514226855984183,"D Over L",2472.30935915392,2195.69459121938,2203.74743204895,1342.05589885947,1467.0646819356,724.503954498565
"423","gene-ACX60_RS02145_rplN",0.0343928522751,0.9656071477249,2.50431391115356,2.50462103797557,"D Over L",2308.02418319124,2563.50507886345,2833.67984692693,4532.7163262545,5476.17803826843,9289.77961046454
"426","gene-ACX60_RS02160_rpsN",0.0179922907102776,0.982007709289722,3.12841348976811,3.12928155089633,"D Over L",1174.82154721756,1373.70516134274,1308.63379090781,2616.17468738591,3412.16167596257,6041.86870492968
"428","gene-ACX60_RS02170_rplF",0.00310266993100761,0.996897330068992,3.17060637753651,3.17091794188627,"D Over L",3599.67074442671,3522.49274705285,3837.50763063572,8462.34181341229,9405.2268694234,16884.7142429908
"429","gene-ACX60_RS02175_rplR",0.00811762945554351,0.991882370544456,2.92666717996605,2.92722448537149,"D Over L",1782.31162011067,1765.34142956295,1890.81326465795,3859.30461856747,4284.62951650372,7775.73543984277
"430","gene-ACX60_RS02180_rpsE",0.0244462086323535,0.975553791367647,2.84609959624766,2.84633435996874,"D Over L",3709.92435140611,4525.40919817951,4135.20149766677,8796.06796943419,9108.51715847013,17306.1492183185
"433","gene-ACX60_RS02195_secY",0.00740493718967672,0.992595062810323,2.97184659509364,2.97193560358579,"D Over L",11582.4699835377,11266.6159899395,12001.2285234496,26269.0159954376,27319.6643779708,49984.2692342385
"435","gene-ACX60_RS02205_rpsM",0.0438222464090133,0.956177753590987,2.18995315227212,2.19019383873747,"D Over L",2447.48404367512,2577.65163608053,2752.39824500719,4365.85324824355,4675.53278648977,7992.95655366909
"437","gene-ACX60_RS02215_rpsD",0.028278169664098,0.971721830335902,2.54809738708043,2.54820312827003,"D Over L",7523.53090275311,7278.03141036602,8229.76219437366,14894.9134707343,15666.7437061277,28126.8824274272
"438","gene-ACX60_RS02220_rpoA",0.0449851926524143,0.955014807347586,2.83759829804113,2.83769058301636,"D Over L",10720.8855051557,9433.51999686317,11170.1241438203,22059.2989130471,22901.9864593333,43928.0925517514
"439","gene-ACX60_RS02225_rplQ",0.00165552358154575,0.998344476418454,3.28604887263397,3.28657495288225,"D Over L",2327.73840430677,1967.11600881709,2541.06608001587,5822.32954345339,5709.30709687457,10935.1970295681
"455","gene-ACX60_RS02305_ACX60_RS02305",0.000215239414463664,0.999784760585536,0.281636239548161,0.281590627810504,"D Over L",6994.16755798448,10732.7695939055,7049.14692648944,2668.6173690465,3203.75842660254,1104.3157223865
"483","gene-ACX60_RS02445_ACX60_RS02445",3.96503063559983e-06,0.999996034969364,0.380229018061849,0.380143246209452,"D Over L",3680.11206814141,4559.53218329839,3127.48235726607,975.755686251583,1917.8161844921,1427.545942661
"488","gene-ACX60_RS02470_ACX60_RS02470",4.71447013206117e-07,0.999999528552987,2.5688728788828,2.58600094641453,"D Over L",65.7140703850718,27.5485587911553,50.8010011998374,134.682341537407,137.758080085445,100.155842901956
"489","gene-ACX60_RS02475_ACX60_RS02475",0.019977539592176,0.980022460407824,2.79386965091133,2.79815056987594,"D Over L",294.253004057599,144.443794742814,220.476345207294,789.023983166048,739.419438407348,316.076231495783
"497","gene-ACX60_RS02515_ACX60_RS02515",7.90558196683833e-09,0.999999992094418,2.48659913818467,2.49746631566217,"D Over L",81.7775098125338,63.2872296553567,70.1053816557756,148.984891081202,166.01614779528,222.424014756292
"516","gene-ACX60_RS02610_ACX60_RS02610",3.96503063559983e-06,0.999996034969364,0.380229018061849,0.380143246209452,"D Over L",3680.11206814141,4559.53218329839,3127.48235726607,975.755686251583,1917.8161844921,1427.545942661
"542","gene-ACX60_RS02750_ACX60_RS02750",5.6621374255883e-15,0.999999999999994,0.244513303380042,0.244396779919785,"D Over L",2856.37159273779,3766.70699795823,3576.39048446855,1048.85363321166,1092.64528478028,351.195812773092
"545","gene-ACX60_RS02765_ACX60_RS02765",0.0103203583275748,0.989679641672425,0.326896786886198,0.32236404604192,"D Over L",62.7934450346242,61.0535627263441,109.730162591649,25.029461701642,29.4354871977447,20.811603719887
"547","gene-ACX60_RS02775_ACX60_RS02775",0.00109376962334584,0.998906230376654,0.494942874311903,0.494139168964786,"D Over L",357.776605429835,256.871696836448,373.895368830803,175.206231911494,188.387118065566,124.869622319322
"552","gene-ACX60_RS02800_ACX60_RS02800",1.42904577060676e-11,0.99999999998571,0.337872052591543,0.337336791291871,"D Over L",578.283819388632,601.600959547391,766.079098093548,239.567704858573,267.274223755522,149.583401736688
"553","gene-ACX60_RS02805_ACX60_RS02805",0.00120947728009835,0.998790522719902,2.09676175302509,2.09828056988165,"D Over L",400.855829348938,324.62626034983,410.472089694686,730.621905862216,611.080714225181,1041.88091122684
"554","gene-ACX60_RS02810_ACX60_RS02810",0.00190144875799858,0.998098551242001,2.64804901200777,2.71767348679071,"D Over L",11.6825014017905,16.3802241460923,9.14418021597074,25.029461701642,30.6129066856545,45.5253831372527
"555","gene-ACX60_RS02815_ACX60_RS02815",0.00013340713285015,0.99986659286715,3.48611411256738,3.49525805003872,"D Over L",155.523299911337,92.3248997325204,179.835544247424,436.22776108576,348.516168421298,710.195976941142
"568","gene-ACX60_RS02880_ACX60_RS02880",4.31658658973655e-05,0.999956834134103,1.92648888356426,1.92871985987162,"D Over L",225.61830832208,231.556804974305,196.091864631372,381.401321167878,354.403265860847,524.192268694653
"575","gene-ACX60_RS02915_ACX60_RS02915",0.00146677608893564,0.998533223911064,2.09465275104642,2.10229617379513,"D Over L",85.4282915005933,48.3961167952728,91.4418021597073,156.1361658531,197.806473968845,119.66672138935
"576","gene-ACX60_RS02920_ACX60_RS02920",2.24989329833392e-07,0.99999977501067,1.94337602085333,1.9493264211885,"D Over L",97.8409492399958,80.4120094444532,71.1214016797724,154.94428672445,141.290338549175,189.905883943968
"579","gene-ACX60_RS02935_ACX60_RS02935",0,1,1.85921825019268,1.8610977621748,"D Over L",259.93565618984,262.083586337477,197.107884655369,475.559772331198,417.983918207975,444.848029512584
"586","gene-ACX60_RS02975_ACX60_RS02975",1.36732150968211e-06,0.99999863267849,0.498978065150328,0.498889883248449,"D Over L",3090.75177711121,2585.84174815357,3261.42427702956,1727.0328574133,1696.66148207801,1035.37728506438
"629","gene-ACX60_RS03190_ACX60_RS03190",0.00275276287621196,0.997247237123788,0.304862696377582,0.304605469647842,"D Over L",1530.40768363456,944.841110972325,1776.00300194632,401.663266354921,599.306519346083,293.963902543403
"643","gene-ACX60_RS03260_ACX60_RS03260",2.17251571177357e-08,0.999999978274843,0.489197109266764,0.489184745619166,"D Over L",18943.1760230034,21024.0176915095,25026.6052310879,10321.6732541057,11663.5174472344,9808.76897822922
"647","gene-ACX60_RS03280_ACX60_RS03280",0.00156647365489027,0.99843352634511,0.295137123496427,0.29491914244714,"D Over L",1815.16865530321,1209.15836423882,2062.5206487134,675.795465944334,722.935565576611,101.456568134449
"650","gene-ACX60_RS03295_ACX60_RS03295",6.79265329317502e-07,0.999999320734671,0.33585454556549,0.335853212619479,"D Over L",248521.85232029,218761.616249278,316535.958376067,91680.5344548573,111937.270715584,59630.4475584061
"656","gene-ACX60_RS03330_mscL",0.000124994801191547,0.999875005198808,0.409211102848441,0.409114729321285,"D Over L",3103.89459118822,2812.93121926985,3726.76144802007,1623.33937322078,1774.37116828005,547.605322879526
"667","gene-ACX60_RS03385_ACX60_RS03385",0,1,0.173448375286082,0.173036689204878,"D Over L",920.727141728617,1186.07713930569,1051.58072483663,256.254012659668,234.306478094048,55.9311849971962
"670","gene-ACX60_RS03400_ACX60_RS03400",0,1,0.100108851615359,0.100011849262286,"D Over L",3970.59016393356,5704.78533669815,4918.55293616826,613.817751254554,767.677506117183,78.0435139495761
"682","gene-ACX60_RS03460_ACX60_RS03460",0.000459730161406657,0.999540269838593,0.20689683437631,0.206754611010878,"D Over L",2203.61182691274,3886.58045648191,2682.29286335142,466.024739302001,1203.32271664381,144.380500806716
"692","gene-ACX60_RS03510_ACX60_RS03510",2.05273439678466e-05,0.999979472656032,2.04300642733065,2.04992106155484,"D Over L",104.412356278503,64.7763409413651,68.0733416077821,134.682341537407,181.322601138108,170.395005456574
"693","gene-ACX60_RS03515_ACX60_RS03515",1.64535052249448e-13,0.999999999999835,4.60494117299478,4.61028638184365,"D Over L",522.061781392515,233.045916260314,305.822027223021,1542.29159247261,1295.16143670077,2053.84514210634
"714","gene-ACX60_RS03620_ACX60_RS03620",0.0433564267923512,0.956643573207649,2.00084991380909,2.00630032917016,"D Over L",101.491730928055,102.004123091575,85.3456820157269,178.781869297443,135.403241109626,265.347947428559
"727","gene-ACX60_RS03690_hchA",2.96429547574917e-14,0.99999999999997,0.388231473876541,0.387892263793676,"D Over L",929.48901777996,918.037107824174,989.603503372833,413.582057641418,495.693604410021,191.206609176461
"736","gene-ACX60_RS03735_ACX60_RS03735",0.0201479063036057,0.979852093696394,2.13970569944468,2.15004500508909,"D Over L",48.190318282386,77.4337868724364,47.7529411278472,108.461000707115,96.5483980086027,167.793554991589
"751","gene-ACX60_RS03810_ACX60_RS03810",2.37302312255938e-06,0.999997626976877,0.51948541501482,0.518402796170254,"D Over L",230.729402685363,244.958806548381,222.508385255288,114.420396350363,133.048402133806,114.463820459378
"778","gene-ACX60_RS03945_ACX60_RS03945",0.000240956834383632,0.999759043165616,2.18033337897679,2.1817113310144,"D Over L",441.014427917593,501.085947741824,405.391989574703,856.961093499076,803.000090754477,1279.91362877305
"795","gene-ACX60_RS04030_ACX60_RS04030",0,1,0.23003192558605,0.230024321701715,"D Over L",52454.4312940395,49443.7065849797,57397.0031956243,15699.4318825728,16562.759936427,4379.54185780371
"800","gene-ACX60_RS04055_ACX60_RS04055",0.00981244764034916,0.990187552359651,0.385449547266356,0.385087930301826,"D Over L",901.012920613096,661.909966630731,1110.50988622845,429.076486313863,452.129083357359,148.282676504195
"822","gene-ACX60_RS04165_ACX60_RS04165",0,1,0.340045950747848,0.339956110066953,"D Over L",4041.41532868192,3313.27261136867,4201.24279922655,1383.77166836221,1535.35501223437,1009.36278041452
"824","gene-ACX60_RS04175_glpD",0.000740514127427261,0.999259485872573,0.461010195804296,0.460708225447111,"D Over L",925.838236091901,829.434986306675,1052.59674486063,624.5446634124,467.435536700186,201.612411036405
"826","gene-ACX60_RS04185_ACX60_RS04185",0,1,0.351959091807685,0.351382682855929,"D Over L",617.712261619675,563.628621754177,587.25957387012,246.718979630471,222.53228321495,152.184852201673
"830","gene-ACX60_RS04205_ACX60_RS04205",0,1,3.34290144228754,3.37019114450992,"D Over L",50.3807872952217,29.7822257201679,54.8650812958244,132.298583280108,158.951630867822,163.89137929411
"839","gene-ACX60_RS04250_ACX60_RS04250",4.91424027228016e-05,0.999950857597277,2.65414991250196,2.65602984043444,"D Over L",502.347560276993,404.293714151279,477.529411278472,948.735786405096,1079.69367041328,1648.01886956855
"856","gene-ACX60_RS04335_ACX60_RS04335",5.56318083155816e-07,0.999999443681917,0.473951669997818,0.473805468876236,"D Over L",1872.12084963693,1681.95119754648,2106.20950974526,973.765248106738,1127.96786941758,580.123453691849
"860","gene-ACX60_RS04355_ACX60_RS04355",0.000325395182339649,0.99967460481766,0.325347756568554,0.325298851951384,"D Over L",7495.05480558624,5613.20499260864,8593.4973629645,3075.04815191602,3300.30682461114,684.181472291284
"861","gene-ACX60_RS04360_fdhD",0.00954621257064114,0.990453787429359,0.525549959885536,0.524275563010164,"D Over L",195.681898479992,181.671576893024,208.284104919333,126.33918763686,137.758080085445,42.9239326722669
"896","gene-ACX60_RS04535_ACX60_RS04535",0,1,0.454139869512179,0.454069435466147,"D Over L",4061.12954979744,3733.20199402304,4397.33466385793,2015.46760654651,2031.04861664439,1489.33039120441
"901","gene-ACX60_RS04560_ACX60_RS04560",0,1,0.429429716933858,0.428996061753967,"D Over L",639.616951748032,655.953521486697,774.207258285522,332.534276893244,310.838744808184,244.536343708672
"906","gene-ACX60_RS04585_pal",2.46771786084343e-05,0.999975322821392,0.35711008805679,0.357001728617326,"D Over L",3103.16443485061,2388.53450275746,3841.57171073171,1038.12672105382,1248.06465718438,1045.78308692432
"907","gene-ACX60_RS04590_tolB",4.79848416671258e-05,0.999952015158333,0.508469949127975,0.508345382710426,"D Over L",1900.5969468038,2494.26140406406,1812.5797228102,1009.52162196623,1095.0001237561,1050.98598785429
"917","gene-ACX60_RS04640_ACX60_RS04640",0,1,0.461105416881552,0.460634573024561,"D Over L",611.140854581168,614.258405478462,575.06733358216,319.423606478098,322.612939687282,187.304433478983
"938","gene-ACX60_RS04755_ACX60_RS04755",0,1,2.85469196067134,2.86307342648285,"D Over L",132.158297107756,118.384347237667,97.5379223036878,330.150518635944,293.177452489538,373.308141725472
"940","gene-ACX60_RS04765_ACX60_RS04765",0,1,4.46364926523671,4.47695523181192,"D Over L",163.555019625068,139.231905241785,106.682102519659,585.212652166963,614.61297268891,633.453188224059
"949","gene-ACX60_RS04825_ACX60_RS04825",0.000952917058380298,0.99904708294162,0.506188107371124,0.504928737576067,"D Over L",187.650178766261,199.540912325125,229.620525423265,127.531066765509,131.870982645896,52.0290092997174
"955","gene-ACX60_RS04855_ACX60_RS04855",0.000838559799174465,0.999161440200826,0.445665569783772,0.445592920549225,"D Over L",4327.63661302578,3032.57513395609,4643.21150966514,1735.37601131384,2075.79055718496,1537.45722480665
"959","gene-ACX60_RS04875_carO",2.55789302332499e-05,0.999974421069767,0.15005907541427,0.150050716747068,"D Over L",55829.9440428194,35161.6402408732,68970.4872889713,9023.71688300626,12909.2272654429,2069.45384489626
"995","gene-ACX60_RS05055_ACX60_RS05055",0.000293620538939221,0.999706379461061,0.334868300364117,0.334548965663829,"D Over L",1151.45654441398,817.522096018608,1307.61777088381,469.60037668795,475.677473115555,150.88412696918
"1007","gene-ACX60_RS05115_ACX60_RS05115",0.010304728825543,0.989695271174457,0.32980828437586,0.329615471729294,"D Over L",2023.2632115226,1250.10892460405,2194.60325183298,778.297071008201,828.903319488492,195.10878487394
"1010","gene-ACX60_RS05130_ACX60_RS05130",2.80584690193209e-06,0.999997194153098,0.361327724669254,0.361131565909843,"D Over L",1693.23254692202,1586.64807524194,1842.0443035061,833.123510926083,887.774293883981,128.771798016801
"1011","gene-ACX60_RS05135_ACX60_RS05135",0.00139696846820025,0.9986030315318,0.480381240140107,0.480001746310264,"D Over L",707.52149114594,708.816972139995,737.630537421639,489.862321874993,419.161337695885,124.869622319322
"1013","gene-ACX60_RS05145_ACX60_RS05145",0.00574549304990868,0.994254506950091,0.478267055059686,0.477565552170605,"D Over L",422.760519477295,349.941152211972,397.263829382729,278.899716104011,209.580668847943,70.2391625546185
"1016","gene-ACX60_RS05160_ACX60_RS05160",1.70407243871296e-09,0.999999998295928,0.345583682723052,0.345185767693381,"D Over L",771.045092518176,1029.7204542748,786.399498573483,319.423606478098,360.290363300396,213.318938128841
"1032","gene-ACX60_RS05240_ACX60_RS05240",2.52368237418921e-10,0.999999999747632,0.476320889851558,0.475065644852556,"D Over L",211.015181569842,239.002361404347,206.25206487134,119.187912864962,123.629046230528,68.9384373221256
"1043","gene-ACX60_RS05295_ACX60_RS05295",0.0458360596685112,0.954163940331489,1.8407575575625,1.84653935892992,"D Over L",101.491730928055,55.0971175823105,72.1374217037691,177.589990168793,134.225821621716,110.561644761899
"1066","gene-ACX60_RS05410_surE",0.00301503927288482,0.996984960727115,2.48759734276152,2.49486919000951,"D Over L",89.0790731886529,139.231905241785,93.4738422077008,247.910858759121,190.741957041386,364.203065098022
"1071","gene-ACX60_RS05435_gloA",1.17938232965242e-05,0.999988206176703,0.538188159411046,0.537899699913717,"D Over L",827.997286851905,711.050639069008,979.443303132865,425.500848927914,442.709727454081,486.471236952358
"1086","gene-ACX60_RS05515_ACX60_RS05515",0,1,0.188572511387765,0.186551444278507,"D Over L",194.95174214238,206.986468755167,229.620525423265,35.7563738594886,61.2258133713091,20.811603719887
"1098","gene-ACX60_RS05575_ACX60_RS05575",0.000637266620720056,0.99936273337928,0.367488137985225,0.366196213395563,"D Over L",247.522998450437,199.540912325125,323.094367630966,128.722945894159,101.258075960242,52.0290092997174
"1101","gene-ACX60_RS05590_bauF",2.67162584277614e-08,0.999999973283742,3.00278614411308,3.02747920209449,"D Over L",67.9045393979075,23.0812249331301,36.5767208638829,143.025495437954,111.85485135143,131.373248481786
"1102","gene-ACX60_RS05595_basA",2.26574314865502e-12,0.999999999997734,2.75839345680569,2.77500630306189,"D Over L",81.7775098125338,49.140672438277,35.5607008398862,163.287440624998,153.064533428273,145.681226039209
"1103","gene-ACX60_RS05600_basB",8.22669514111141e-06,0.999991773304859,5.27117782546088,5.3311303751445,"D Over L",48.190318282386,28.2931144341595,35.5607008398862,150.176770209852,150.709694452453,296.565353008389
"1104","gene-ACX60_RS05605_bauD",0.00228559061237932,0.997714409387621,3.32800930242686,3.35749695749287,"D Over L",78.8568844620862,6.70100078703777,38.6087609118764,164.479319753647,160.129050355731,92.3514915069984
"1105","gene-ACX60_RS05610_bauC",0,1,3.63653048092029,3.69836824833476,"D Over L",36.5078168805954,19.3584467181091,11.1762202639642,82.2396598768237,81.2419446657755,84.5471401120408
"1106","gene-ACX60_RS05615_bauE",1.11022302462516e-16,1,5.92904592208595,6.1427232644979,"D Over L",15.3332830898501,6.70100078703777,14.2242803359545,63.1695938184298,64.7580718350384,94.9529419719842
"1107","gene-ACX60_RS05620_bauB",3.64221928506048e-07,0.999999635778071,3.41238143960356,3.43894933844627,"D Over L",53.3014126456694,49.8852280812812,39.6247809358732,133.490462408757,136.580660597536,221.123289523799
"1108","gene-ACX60_RS05625_ACX60_RS05625",2.1094237467878e-15,0.999999999999998,2.50796902065393,2.51277277516057,"D Over L",159.174081599396,169.014130961953,165.61126391147,375.44192552463,368.532299715764,496.877038812301
"1109","gene-ACX60_RS05630_basC",0.000237138537565018,0.999762861462435,2.463711478582,2.48368833830837,"D Over L",34.3173478677597,37.2277821502098,43.6888610318602,92.9665720346702,67.112910810858,126.170347551815
"1110","gene-ACX60_RS05635_basD",9.83692125922087e-06,0.999990163078741,3.64687965376456,3.663244224418,"D Over L",102.952043603279,83.39023201647,68.0733416077821,276.515957846712,223.70970270286,431.840777187654
"1111","gene-ACX60_RS05640_basE",0,1,5.81803747890335,5.85976601125546,"D Over L",104.412356278503,33.5050039351888,43.6888610318602,426.692728056563,295.532291465357,342.090736145642
"1112","gene-ACX60_RS05645_basF",0.00257145401069347,0.997428545989307,3.93597028527206,3.98637606604843,"D Over L",37.9681295558193,20.1030023611133,33.5286607918927,98.9259676779184,77.7096862020461,188.605158711476
"1113","gene-ACX60_RS05650_basG",0.00534266741012968,0.99465733258987,3.53463199685644,3.58024210949316,"D Over L",35.0475042053716,20.8475580041175,31.4966207438992,89.3909346487214,63.5806523471286,159.989203596631
"1114","gene-ACX60_RS05660_barA",0.000588677043075858,0.999411322956924,2.65384820560931,2.66949561169189,"D Over L",53.3014126456694,58.0753401543273,54.8650812958244,126.33918763686,110.67743186352,206.815311966377
"1115","gene-ACX60_RS05665_barB",0.00810499250511121,0.991895007494889,2.32594933872035,2.33696561380191,"D Over L",74.4759464364147,52.863450653298,61.9772214638016,110.844758964415,124.806465718438,206.815311966377
"1118","gene-ACX60_RS05680_basJ",8.10017492081094e-07,0.999999189982508,2.29017732571981,2.30757985384789,"D Over L",54.0315689832813,29.0376700771637,33.5286607918927,102.501605063867,85.9516226174146,80.644964414562
"1125","gene-ACX60_RS05715_folE",0.00876434899879963,0.9912356510012,2.03771353971176,2.04002132234189,"D Over L",241.681747749542,213.687469542204,251.972965951194,379.017562910579,409.741981792607,654.264791943946
"1133","gene-ACX60_RS05755_ACX60_RS05755",2.9491625543443e-05,0.999970508374457,0.2297781472642,0.229636296426244,"D Over L",3059.3550545939,1961.90411931606,3520.50938314873,760.418884078457,877.177518492793,323.880582890741
"1157","gene-ACX60_RS05875_ACX60_RS05875",1.29083970005217e-05,0.999987091602999,0.283081852924979,0.283006944193345,"D Over L",4965.79325209859,4068.99658901793,6020.93466220473,1829.53446247716,2195.88734495176,235.431267081221
"1165","gene-ACX60_RS05920_tsf",0.00412280805746223,0.995877191942538,2.49365546264824,2.49384906986682,"D Over L",4507.25507207831,2862.07189170813,4767.16595259274,8033.26532709843,8407.95256316381,13825.4084961674
"1192","gene-ACX60_RS06055_ACX60_RS06055",0.0151500166393335,0.984849983360667,0.220282668290725,0.21295213955803,"D Over L",43.8093802567145,84.8793433024784,38.6087609118764,8.34315390054733,12.9516143670077,14.3079775574223
"1193","gene-ACX60_RS06060_yegQ",0.0457125461957248,0.954287453804275,0.285189050297331,0.284938665967331,"D Over L",1126.63122893518,2172.61336628625,1191.79148814819,361.139375980834,532.193608535225,386.315394050402
"1198","gene-ACX60_RS06085_ACX60_RS06085",0.0134168434475379,0.986583156552462,0.361018739642156,0.360227290288576,"D Over L",422.760519477295,295.588590272666,551.698873030234,189.508781455289,186.032279089747,81.9456896470549
"1202","gene-ACX60_RS06105_ACX60_RS06105",0.0265855311920065,0.973414468807994,1.94245468964489,1.94575977655558,"D Over L",200.792992843275,114.661569022646,133.098623143574,352.796222080287,313.193583784004,206.815311966377
"1203","gene-ACX60_RS06110_ACX60_RS06110",0,1,2.91586330604081,2.92931854578031,"D Over L",71.5553210859671,86.3684545884868,66.0413015597886,187.12502319799,241.370995021507,227.626915686264
"1224","gene-ACX60_RS06215_yaaA",1.50273358201503e-08,0.999999984972664,1.82291557431345,1.82493085035097,"D Over L",227.078620997304,218.15480340023,197.107884655369,327.766760378645,394.435528449779,450.050930442555
"1231","gene-ACX60_RS06250_ACX60_RS06250",0.0194385372936005,0.9805614627064,2.87409607481991,2.87539438650758,"D Over L",537.395064482365,1092.26312828716,641.108635141948,1581.62360371804,1802.62923598989,3145.15361216792
"1257","gene-ACX60_RS06380_ACX60_RS06380",3.60057341719511e-08,0.999999963994266,2.09694026616516,2.10501525423917,"D Over L",85.4282915005933,66.2654522273735,61.9772214638016,172.822473654195,124.806465718438,152.184852201673
"1258","gene-ACX60_RS06385_ACX60_RS06385",2.40696969022736e-08,0.999999975930303,0.410548813092459,0.409353564469869,"D Over L",231.459559022975,282.18658869859,262.133166191161,126.33918763686,136.580660597536,54.6304597647033
"1259","gene-ACX60_RS06390_ACX60_RS06390",4.08213463032325e-11,0.999999999959179,0.336991502134974,0.336260903970007,"D Over L",428.601770178191,553.949398395122,445.016770510576,177.589990168793,204.870990896303,97.5543924369701
"1261","gene-ACX60_RS06400_ACX60_RS06400",0.000925089277914681,0.999074910722085,0.030922971297053,0.0289820063042116,"D Over L",338.062384314314,74.4555643004197,372.879348806807,9.53503302919695,10.5967753911881,2.60145046498587
"1263","gene-ACX60_RS06410_ACX60_RS06410",0.0201378830288368,0.979862116971163,0.263942706953559,0.261078949010715,"D Over L",153.332830898501,75.2001199434239,175.771464151437,46.4832860173351,44.741940540572,14.3079775574223
"1264","gene-ACX60_RS06415_ACX60_RS06415",4.20894474828515e-09,0.999999995791055,0.34039530901476,0.334493535053431,"D Over L",63.5236013722361,54.3525619393063,57.9131413678147,28.6050990875908,22.370970270286,7.80435139495761
"1266","gene-ACX60_RS06425_ACX60_RS06425",8.83303008514247e-09,0.99999999116697,0.157847238545111,0.156558982839101,"D Over L",365.808325143566,244.958806548381,417.584229862664,75.088385104926,74.1774277383168,11.7065270924364
"1267","gene-ACX60_RS06430_ACX60_RS06430",9.05839787623819e-07,0.999999094160212,0.298660773956412,0.29745707070059,"D Over L",268.697532241182,318.669815205796,329.190487774946,108.461000707115,158.951630867822,5.20290092997174
"1268","gene-ACX60_RS06435_ACX60_RS06435",0,1,0.0158603163942255,0.0150487630759494,"D Over L",730.156337611909,490.662168739766,686.829536221802,14.3025495437954,11.7741948790979,2.60145046498587
"1269","gene-ACX60_RS06440_ACX60_RS06440",0.0193428395832345,0.980657160416766,0.448445071264805,0.440129495158285,"D Over L",28.4760971668644,37.2277821502098,38.6087609118764,23.8375825729924,12.9516143670077,9.10507662745054
"1284","gene-ACX60_RS06520_ACX60_RS06520",0.0174510277524037,0.982548972247596,0.46295064015092,0.461062655278204,"D Over L",158.443925261784,110.194235164621,178.819524223428,72.7046268476267,90.6613005690538,42.9239326722669
"1288","gene-ACX60_RS06540_ACX60_RS06540",0.000396768971235861,0.999603231028764,0.526532145863854,0.526092865342992,"D Over L",581.934601076691,518.210727530921,595.387734062095,369.482529881382,363.822621764125,158.688478364138
"1294","gene-ACX60_RS06570_ACX60_RS06570",0.000109101283119917,0.99989089871688,0.170378744613894,0.169697735452534,"D Over L",451.23661664416,874.852880529931,590.307633942111,116.804154607663,158.951630867822,49.4275588347315
"1296","gene-ACX60_RS06580_ACX60_RS06580",3.88022947106492e-13,0.999999999999612,0.279553474662264,0.27927024189411,"D Over L",1206.94842607249,1247.13070203203,1547.39849654705,458.873464530103,505.1129603133,153.485577434166
"1297","gene-ACX60_RS06585_ACX60_RS06585",7.67498620213303e-10,0.999999999232501,0.292963473068795,0.291518631429076,"D Over L",212.475494245065,302.289591059704,255.021026023184,88.1990555200718,90.6613005690538,45.5253831372527
"1300","gene-ACX60_RS06600_ACX60_RS06600",0,1,2.43591625982188,2.43825948660503,"D Over L",324.919570237299,314.947036990775,324.110387654963,874.83928042882,739.419438407348,736.210481591001
"1311","gene-ACX60_RS06655_ACX60_RS06655",0,1,0.0728221049323306,0.0727281357388336,"D Over L",3903.41578087326,5765.09434378149,5853.29135824527,417.157695027367,644.048459886655,67.6377120896326
"1313","gene-ACX60_RS06670_ACX60_RS06670",4.96380714309907e-13,0.999999999999504,0.316728299280574,0.316486108695654,"D Over L",1442.05876678352,1318.60804376043,1677.44905961863,574.485740009116,606.371036273542,223.724739988785
"1314","gene-ACX60_RS06675_ACX60_RS06675",6.68016753024858e-11,0.999999999933198,0.327825152941566,0.326566781296984,"D Over L",288.411753356704,241.980583976364,309.886107319008,133.490462408757,95.370978520693,45.5253831372527
"1315","gene-ACX60_RS06680_ACX60_RS06680",0,1,0.359759160372361,0.358872046425372,"D Over L",350.475042053716,380.467933575144,404.375969550706,159.711803239049,143.645177524994,104.058018599435
"1324","gene-ACX60_RS06725_cyoC",4.31159616143262e-06,0.999995688403839,0.503470452874583,0.50344482812676,"D Over L",8558.16243314918,10880.1916112203,11044.1376608447,4560.12954621344,4454.17792276273,6331.93043177561
"1325","gene-ACX60_RS06730_cyoB",0.000207714662109892,0.99979228533789,0.542693358902498,0.54268882239782,"D Over L",47874.1605882,48944.1097485239,61762.8412387383,25081.9043833026,25781.9545267607,35196.3240660263
"1331","gene-ACX60_RS06760_pgaB",1.72998049219331e-09,0.99999999827002,0.533197470227516,0.532891614699609,"D Over L",840.409944591307,719.240751142054,841.264579869308,426.692728056563,514.532316216578,338.188560448163
"1366","gene-ACX60_RS06935_ACX60_RS06935",0.0169218208584286,0.983078179141571,2.69532896366695,2.70687176978545,"D Over L",95.6504802271601,43.9287829372476,91.4418021597073,150.176770209852,169.54840625901,305.67042963584
"1367","gene-ACX60_RS06940_ACX60_RS06940",6.4574580127541e-09,0.999999993542542,4.36988920274406,4.41410929993942,"D Over L",32.8570351925359,59.5644514403357,27.4325406479122,162.095561496348,134.225821621716,232.829816616235
"1368","gene-ACX60_RS06945_ACX60_RS06945",6.17807953446903e-05,0.999938219204655,4.1563571839427,4.19387884430793,"D Over L",54.0315689832813,41.695116008235,36.5767208638829,160.903682367699,124.806465718438,269.250123126038
"1371","gene-ACX60_RS06960_ACX60_RS06960",0.0124345891504085,0.987565410849591,0.367946635701765,0.36170481668107,"D Over L",36.5078168805954,61.7981183693483,60.9612014398049,27.4132199589412,22.370970270286,7.80435139495761
"1373","gene-ACX60_RS06970_ACX60_RS06970",0,1,0.353591136553379,0.351984154181204,"D Over L",221.96752663402,213.687469542204,197.107884655369,88.1990555200718,69.4677497866776,65.0362616246467
"1378","gene-ACX60_RS06995_miaA",0.000429089936293203,0.999570910063707,0.242022180883962,0.241807396103601,"D Over L",1389.48751047546,2503.94062742311,1658.14467916269,460.065343658753,505.1129603133,377.210317422951
"1379","gene-ACX60_RS07000_hfq",0.0423217433719304,0.95767825662807,0.30491424241756,0.30478308728441,"D Over L",2319.70668459303,3908.17257012903,2109.25756981725,760.418884078457,1292.80659772495,487.771962184851
"1381","gene-ACX60_RS07010_nfsB",0.0234650949070316,0.976534905092968,0.353029938394786,0.352770139944542,"D Over L",1358.82094429576,851.771655596801,1706.91364031454,443.379035857658,539.258125462684,399.322646375331
"1391","gene-ACX60_RS07060_ACX60_RS07060",0.00172332244218165,0.998276677557818,1.8834474716712,1.88619070650529,"D Over L",175.96767736447,177.204243034999,153.419023623509,408.814541126819,256.677448364334,290.061726845924
"1395","gene-ACX60_RS07080_ACX60_RS07080",0.00936116828412259,0.990638831715877,1.94023449445493,1.94486663245766,"D Over L",133.618609782979,87.113010231491,98.5539423276846,189.508781455289,164.838728307371,266.648672661052
"1398","gene-ACX60_RS07095_ACX60_RS07095",0.020152581863652,0.979847418136348,0.131815451378334,0.129668354447509,"D Over L",112.444075992234,330.582705493863,193.043804559382,28.6050990875908,44.741940540572,9.10507662745054
"1400","gene-ACX60_RS07105_ACX60_RS07105",1.87627691161651e-14,0.999999999999981,0.174025377249795,0.172883502132603,"D Over L",386.2527025967,301.5450354167,450.096870630559,83.4315390054733,85.9516226174146,27.3152298823516
"1401","gene-ACX60_RS07110_ACX60_RS07110",1.4338941145553e-10,0.999999999856611,0.305081720191098,0.30244952647092,"D Over L",154.793143573725,113.172457736638,147.322903479528,54.8264399178825,44.741940540572,26.0145046498587
"1402","gene-ACX60_RS07115_ACX60_RS07115",1.00962812110694e-07,0.999999899037188,0.387972245798036,0.386834396354683,"D Over L",320.538632211628,236.02413883233,289.565706839073,138.257978923356,120.096787766799,68.9384373221256
"1403","gene-ACX60_RS07120_ACX60_RS07120",5.46229728115577e-13,0.999999999999454,0.36170054907723,0.360170118851181,"D Over L",238.761122399094,184.649799465041,232.668585495255,83.4315390054733,93.0161395448734,59.833360694675
"1412","gene-ACX60_RS07165_ACX60_RS07165",0.000375822654621216,0.999624177345379,0.468998626151648,0.468602351060476,"D Over L",794.410095321757,549.482064537097,764.047058045555,350.412463822988,385.016172546501,252.340695103629
"1413","gene-ACX60_RS07170_ACX60_RS07170",6.15967055139777e-10,0.999999999384033,0.190796942531165,0.189612157499357,"D Over L",279.649877305361,434.075939871447,360.687108518846,88.1990555200718,89.483881081144,26.0145046498587
"1418","gene-ACX60_RS07195_ACX60_RS07195",0.03692786581426,0.96307213418574,4.29020172315724,4.30785751553965,"D Over L",83.9679788253695,103.493234377583,105.666082495662,327.766760378645,224.88712219077,710.195976941142
"1420","gene-ACX60_RS07210_ACX60_RS07210",0.00102159361160925,0.998978406388391,0.152358578417491,0.141125609706597,"D Over L",45.2696929319384,21.5921136471217,51.8170212238342,9.53503302919695,5.88709743954895,1.30072523249293
"1424","gene-ACX60_RS07235_ACX60_RS07235",0.0412444408591136,0.958755559140886,0.442968615831472,0.441355874940165,"D Over L",189.840647779096,134.020015740755,219.460325183298,100.117846806568,107.145173399791,32.5181308123234
"1427","gene-ACX60_RS07250_ACX60_RS07250",0,1,3.44686034815821,3.45542748907108,"D Over L",158.443925261784,130.297237525734,160.531163791486,460.065343658753,535.725866998954,556.710399506976
"1435","gene-ACX60_RS07290_ACX60_RS07290",0.00406215457857417,0.995937845421426,0.510811378687356,0.510493792627784,"D Over L",880.568543159962,629.149518338546,913.402001573077,431.460244571162,493.338765434202,312.174055798304
"1441","gene-ACX60_RS07320_ACX60_RS07320",1.57311223764056e-05,0.999984268877624,0.50679310458956,0.505140326385198,"D Over L",160.63439427462,134.020015740755,174.755444127441,84.6234181341229,96.5483980086027,55.9311849971962
"1442","gene-ACX60_RS07325_ACX60_RS07325",0.00143860919785621,0.998561390802144,0.464613390736878,0.464149298085242,"D Over L",503.807872952217,734.876419645142,576.083353606156,320.615485606747,334.38713456638,187.304433478983
"1477","gene-ACX60_RS07515_ACX60_RS07515",0.0284220740443789,0.971577925955621,2.36234106969861,2.39470479343665,"D Over L",21.9046901283573,17.8693354321007,26.4165206239155,46.4832860173351,35.3225846372937,76.7427887170832
"1504","gene-ACX60_RS07650_ACX60_RS07650",3.7246539186242e-11,0.999999999962753,0.411452284372566,0.410794122114186,"D Over L",416.9192687764,501.085947741824,488.705631542436,218.11388054288,241.370995021507,118.365996156857
"1545","gene-ACX60_RS07855_ACX60_RS07855",0.0140103881997136,0.985989611800286,0.339978863475369,0.337079378940617,"D Over L",115.364701342682,81.1565650874574,161.547183815483,48.8670442746344,47.0967795163916,24.7137794173658
"1554","gene-ACX60_RS07900_glnG",1.78634884662188e-13,0.999999999999821,0.421005128608475,0.420837990532965,"D Over L",1693.23254692202,1663.33730647138,2093.0012494333,717.51123544707,887.774293883981,688.083647988763
"1575","gene-ACX60_RS08005_ACX60_RS08005",2.97863387399566e-07,0.999999702136613,0.484731161558813,0.481982357906611,"D Over L",99.3012619152196,87.8575658744952,107.698122543655,63.1695938184298,41.2096820768426,37.7210317422951
"1579","gene-ACX60_RS08025_ACX60_RS08025",0.00172796747502202,0.998272032524978,1.9267005054084,1.93963669168015,"D Over L",47.4601619447741,35.7386708642014,29.4645806959057,88.1990555200718,71.8225887624972,58.5326354621821
"1584","gene-ACX60_RS08050_ACX60_RS08050",0,1,0.244100510494699,0.244025181260741,"D Over L",5001.57091264158,4890.24146325156,5893.93215920514,1626.91501060673,1680.17760924727,545.00387241454
"1585","gene-ACX60_RS08055_ACX60_RS08055",0.00012243730722572,0.999877562692774,0.144468804059058,0.144178001293492,"D Over L",1478.56658366412,992.492672124594,2157.0105109451,286.050990875908,284.935516074169,96.2536672044772
"1596","gene-ACX60_RS08110_brnQ",0,1,2.6981287664791,2.70002688199928,"D Over L",495.045996900874,490.662168739766,421.648309958651,1187.11161213502,1257.48401308766,1355.35569225764
"1605","gene-ACX60_RS08155_ACX60_RS08155",0.00863519408690538,0.991364805913095,0.194661788671181,0.194541803049107,"D Over L",3823.09858373595,2016.25668125536,4719.4130114649,971.381489849439,926.629136985004,156.087027899152
"1606","gene-ACX60_RS08160_ACX60_RS08160",0.0289369093342389,0.971063090665761,0.403294236767592,0.402205124774805,"D Over L",297.903785745659,192.095355895083,371.86332878281,139.449858052005,108.322592887701,98.8551176694631
"1608","gene-ACX60_RS08170_ACX60_RS08170",0.0307336142094158,0.969266385790584,0.501854722120833,0.501587784115009,"D Over L",1013.45699660533,719.240751142054,1202.96770841215,494.629838389592,536.903286486864,440.945853815105
"1611","gene-ACX60_RS08185_ACX60_RS08185",0.0271306792951707,0.972869320704829,0.134394077698506,0.134044048542482,"D Over L",707.52149114594,1990.94178939322,1191.79148814819,194.276297969888,254.322609388515,72.8406130196043
"1613","gene-ACX60_RS08195_cydB",0.00245717058564154,0.997542829414358,0.106524565625599,0.10649170685385,"D Over L",8674.98744716709,20875.1065629087,13225.5326523657,1724.649099156,2184.11315007266,646.460440548989
"1614","gene-ACX60_RS08200_ACX60_RS08200",0.028463814448603,0.971536185551397,0.196272846548137,0.196250370492528,"D Over L",11523.3273201911,26444.38277258,18286.3283918935,3460.02511046984,4975.77475590677,2604.05191545086
"1637","gene-ACX60_RS08315_ACX60_RS08315",0.0120014504039507,0.987998549596049,0.437080542586843,0.432167931557718,"D Over L",51.1109436328336,72.2218973714071,56.8971213438179,39.3320112454374,29.4354871977447,9.10507662745054
"1676","gene-ACX60_RS08510_ACX60_RS08510",0.000276859562161169,0.999723140437839,0.142346398703758,0.13248872563762,"D Over L",27.0157844916406,61.0535627263441,48.7689611518439,5.95939564324809,8.24193641536853,3.9021756974788
"1677","gene-ACX60_RS08515_ACX60_RS08515",6.42835165098887e-07,0.999999357164835,0.0923159418907763,0.0816252404276849,"D Over L",32.8570351925359,61.0535627263441,39.6247809358732,2.38375825729924,5.88709743954895,2.60145046498587
"1678","gene-ACX60_RS08520_ACX60_RS08520",0.0107775172427478,0.989222482757252,0.169306288578751,0.166998897051743,"D Over L",126.31704640686,289.632145128632,150.370963551519,40.523890374087,30.6129066856545,23.4130541848728
"1680","gene-ACX60_RS08530_ACX60_RS08530",0.0202308113309119,0.979769188669088,0.203442763436723,0.197859363439492,"D Over L",52.5712563080574,113.917013379642,57.9131413678147,26.2213408302916,12.9516143670077,5.20290092997174
"1681","gene-ACX60_RS08535_ACX60_RS08535",0.0407757014165402,0.95922429858346,0.244244716314967,0.238892778995387,"D Over L",58.4125070089527,113.917013379642,49.7849811758407,20.2619451870435,22.370970270286,10.4058018599435
"1682","gene-ACX60_RS08540_ACX60_RS08540",0.00336153809935946,0.996638461900641,0.334475259831027,0.330610659261654,"D Over L",71.5553210859671,122.107125452688,77.2175218237529,35.7563738594886,32.9677456614741,20.811603719887
"1703","gene-ACX60_RS08645_ACX60_RS08645",1.62879354448364e-09,0.999999998371206,0.18073570419697,0.180640248270565,"D Over L",4617.50867905771,3421.97773524729,5462.12364900652,880.798676072068,1330.48402133806,227.626915686264
"1704","gene-ACX60_RS08650_ACX60_RS08650",0.0383950157564871,0.961604984243513,0.545870809697399,0.542757658060925,"D Over L",82.5076661501457,59.5644514403357,87.3777220637204,44.0995277600359,51.8064574680307,28.6159551148446
"1705","gene-ACX60_RS08655_ACX60_RS08655",1.07332323118214e-06,0.999998926676769,0.428148827892304,0.426943792765245,"D Over L",216.856432270737,247.192473477393,282.453566671096,98.9259676779184,149.532274964543,70.2391625546185
"1798","gene-ACX60_RS09135_ACX60_RS09135",1.32893696047631e-13,0.999999999999867,0.410872881853099,0.409661517797735,"D Over L",267.237219565959,262.083586337477,235.716645567246,146.601132823903,96.5483980086027,70.2391625546185
"1815","gene-ACX60_RS09220_ACX60_RS09220",8.827878206219e-09,0.999999991172122,0.532563876745305,0.531666488509404,"D Over L",267.967375903571,293.354923343653,258.069086095174,176.398111040144,157.774211379912,101.456568134449
"1846","gene-ACX60_RS09385_ACX60_RS09385",1.46716622440035e-06,0.999998532833776,0.314687205628017,0.314043871461116,"D Over L",447.5858349561,669.355523060773,558.811013198212,182.357506683392,243.725833997326,100.155842901956
"1864","gene-ACX60_RS09480_ACX60_RS09480",0.00214186638807667,0.997858133611923,0.538080979009052,0.537841912762035,"D Over L",998.853869853091,985.047115694552,1055.64480493262,676.987345072983,691.145239403047,266.648672661052
"1868","gene-ACX60_RS09500_ACX60_RS09500",7.56043548744145e-06,0.999992439564513,0.372676439794333,0.367621963111774,"D Over L",56.9521943337289,72.2218973714071,66.0413015597886,29.7969782162405,34.1451651493839,7.80435139495761
"1872","gene-ACX60_RS09520_ACX60_RS09520",2.78222329619382e-08,0.999999972177767,1.86449965450114,1.8703190497014,"D Over L",70.8251647483552,85.6238989454826,77.2175218237529,133.490462408757,131.870982645896,171.695730689067
"1874","gene-ACX60_RS09530_ACX60_RS09530",4.79391029287735e-05,0.999952060897071,0.316983759107125,0.31508763398063,"D Over L",136.539235133427,213.687469542204,216.412265111307,66.7452312043786,75.3548472262265,36.4203065098022
"1901","gene-ACX60_RS09665_ACX60_RS09665",1.25921334048762e-06,0.99999874078666,6.8556016858021,6.89679441074098,"D Over L",117.555170355517,49.140672438277,56.8971213438179,445.762794114957,335.56455405429,760.924261008367
"1902","gene-ACX60_RS09670_ACX60_RS09670",0.0480793070832242,0.951920692916776,3.27029375655829,3.52990993832914,"D Over L",4.38093802567145,2.23366692901259,7.11214016797724,11.9187912864962,10.5967753911881,26.0145046498587
"1903","gene-ACX60_RS09675_ACX60_RS09675",7.80627784635612e-11,0.999999999921937,2.54413325515097,2.55056642831595,"D Over L",124.126577394025,132.530904454747,120.906382855613,300.353540419704,267.274223755522,395.420470677852
"1905","gene-ACX60_RS09685_ACX60_RS09685",0,1,5.73231306907461,5.73637710599295,"D Over L",844.790882616979,436.309606800459,550.682853006238,3221.64928473992,3058.93582958963,4227.35700560204
"1908","gene-ACX60_RS09700_ACX60_RS09700",6.66133814775094e-16,0.999999999999999,2.7019390735887,2.70777898481762,"D Over L",183.999397078201,136.253682669768,138.178723263558,373.058167267331,377.951655619042,490.373412649836
"1909","gene-ACX60_RS09705_ACX60_RS09705",7.66053886991358e-15,0.999999999999992,2.01652917020594,2.01900796489577,"D Over L",232.919871698199,176.459687391995,235.716645567246,393.320112454374,422.693596159614,486.471236952358
"1910","gene-ACX60_RS09710_ACX60_RS09710",0,1,3.94373393101417,3.96601661024233,"D Over L",81.7775098125338,52.863450653298,73.1534417277659,283.667232618609,241.370995021507,299.166803473375
"1911","gene-ACX60_RS09715_ACX60_RS09715",0,1,4.73688288934915,4.75842316935221,"D Over L",118.285326693129,58.0753401543273,96.5219022796911,421.925211541965,360.290363300396,516.387917299695
"1912","gene-ACX60_RS09720_ACX60_RS09720",1.09477260590296e-09,0.999999998905227,3.97577283000631,3.98519061531391,"D Over L",259.205499852228,72.2218973714071,165.61126391147,678.179224201633,502.75812133748,799.946017983155
"1938","gene-ACX60_RS09850_ACX60_RS09850",0,1,0.239370871362818,0.238334660225829,"D Over L",386.982858934312,329.838149850859,437.904630342599,102.501605063867,127.161304694257,45.5253831372527
"1942","gene-ACX60_RS09870_ACX60_RS09870",0.0437980280711713,0.956201971928829,2.56526503967617,2.57276655985984,"D Over L",137.999547808651,66.2654522273735,123.954442927603,418.349574156016,228.419380654499,197.710235338926
"1944","gene-ACX60_RS09880_ACX60_RS09880",0.00516472474406016,0.99483527525594,0.452340168511955,0.452035442800273,"D Over L",1009.07605857966,725.941751929092,1092.2215257965,444.570914986308,574.580710099977,258.844321266094
"1945","gene-ACX60_RS09885_ACX60_RS09885",6.48781028900203e-12,0.999999999993512,0.369888169571399,0.369281025665496,"D Over L",533.014126456693,486.939390524745,612.660074470039,212.154484899632,268.451643243432,122.268171854336
"1946","gene-ACX60_RS09890_ACX60_RS09890",0.000323548751770208,0.99967645124823,0.403266343200915,0.402670971399964,"D Over L",516.950687029232,420.673938297371,639.076595093955,239.567704858573,274.338740682981,120.967446621843
"1947","gene-ACX60_RS09895_ACX60_RS09895",0.04422832680472,0.95577167319528,0.424737196274161,0.42454453784299,"D Over L",1566.18534417754,1151.82757972749,1979.20700674567,763.994521464406,872.467840541154,357.699438935557
"1952","gene-ACX60_RS09920_ACX60_RS09920",1.10700337785374e-12,0.999999999998893,0.433968263221071,0.432149549272204,"D Over L",147.491580197606,165.291352746932,176.787484175434,77.4721433622252,85.9516226174146,48.1268336022386
"1964","gene-ACX60_RS09985_ACX60_RS09985",0.0105820544677716,0.989417945532228,0.448787523656466,0.440944483847347,"D Over L",32.126878854924,46.9070055092644,31.4966207438992,11.9187912864962,21.1935507823762,15.6087027899152
"2006","gene-ACX60_RS10215_ACX60_RS10215",8.10876160661778e-06,0.999991891238393,1.83288983570585,1.83630911341938,"D Over L",149.682049210441,95.3031223045372,138.178723263558,207.386968385034,229.596800142409,266.648672661052
"2008","gene-ACX60_RS10225_ACX60_RS10225",1.84735183517137e-06,0.999998152648165,0.419383315329378,0.419307466813904,"D Over L",3931.16172170252,3588.75819928023,4522.30512680953,2014.27572741786,2193.53250597594,841.569225422929
"2009","gene-ACX60_RS10230_ACX60_RS10230",4.04404555565119e-06,0.999995955954444,0.441639588421664,0.441560776646122,"D Over L",3351.41758963866,3514.30263497981,4279.4763410743,1864.098957208,2094.62926899152,962.536672044772
"2012","gene-ACX60_RS10245_ACX60_RS10245",0.0213799574562717,0.978620042543728,0.502285077560525,0.500763632450748,"D Over L",134.348766120591,216.665692114221,163.579223863476,95.3503302919695,89.483881081144,72.8406130196043
"2041","gene-ACX60_RS10390_ACX60_RS10390",0.0117547864187576,0.988245213581242,2.21830674567429,2.22867963090414,"D Over L",56.222037996117,65.5208965843693,62.9932414877984,107.269121578466,110.67743186352,193.808059641447
"2060","gene-ACX60_RS10485_ACX60_RS10485",0.00137582914621381,0.998624170853786,0.539933224306604,0.538745696167368,"D Over L",232.189715360587,160.824018888906,216.412265111307,121.571671122261,100.080656472332,106.659469064421
"2061","gene-ACX60_RS10490_ACX60_RS10490",9.84101689027739e-13,0.999999999999016,0.265859317639572,0.265793556558947,"D Over L",5720.04474885169,4970.65347269602,6871.34342229001,1810.46439641877,2052.24216742676,805.148918913127
"2078","gene-ACX60_RS10580_ACX60_RS10580",1.58508850378603e-07,0.99999984149115,2.26441813728603,2.26794884017692,"D Over L",253.364249151332,158.590351959894,151.386983575516,494.629838389592,385.016172546501,398.021921142838
"2079","gene-ACX60_RS10585_ACX60_RS10585",5.35710520388477e-09,0.999999994642895,2.48559355385917,2.48959635824059,"D Over L",270.157844916406,120.61801416668,193.043804559382,541.113124406927,466.258117212277,446.148754745077
"2083","gene-ACX60_RS10605_ACX60_RS10605",0.00175924821961271,0.998240751780387,0.371259657393014,0.368846712020579,"D Over L",148.221736535218,96.0476779475414,165.61126391147,64.3614729470794,52.9838769559405,33.8188560448163
"2084","gene-ACX60_RS10610_ACX60_RS10610",1.64921708278865e-06,0.999998350782917,4.28062792310135,4.31944710823378,"D Over L",64.253757709848,29.0376700771637,39.6247809358732,230.032671829376,116.564529303069,227.626915686264
"2114","gene-ACX60_RS10760_ACX60_RS10760",0.0120925168279068,0.987907483172093,0.452617324948308,0.452358418651057,"D Over L",974.758710711898,1426.56861199604,924.578221837041,539.921245278277,601.661358321903,362.902339865529
"2120","gene-ACX60_RS10790_ACX60_RS10790",0.000530070264535665,0.999469929735464,0.469954347371213,0.469792295299915,"D Over L",1807.86709192709,1530.06184637362,1807.49962269022,1063.15618275546,1005.51624267496,348.594362308107
"2124","gene-ACX60_RS10810_ACX60_RS10810",0,1,4.99395211325995,4.99742046420209,"D Over L",446.125522280876,894.955882891044,470.417271110494,3438.57128615415,2430.19382304581,3184.1753691427
"2138","gene-ACX60_RS10880_ACX60_RS10880",0.000946236445392601,0.999053763554607,0.340572209906858,0.340179884179128,"D Over L",1010.53637125488,635.850519125584,997.731663564807,330.150518635944,426.225854623344,143.079775574223
"2153","gene-ACX60_RS10955_ACX60_RS10955",0.00086591878904374,0.999134081210956,0.219305547390751,0.219125831919513,"D Over L",1567.64565685277,3062.35735967626,2203.74743204895,533.961849635029,636.983942959196,326.482033355727
"2154","gene-ACX60_RS10960_cydB",0.000560395167008232,0.999439604832992,0.207505802221316,0.207192471506195,"D Over L",943.361988194586,1815.22665764423,1220.24004882009,281.28347436131,366.177460739945,176.898631619039
"2175","gene-ACX60_RS11070_yfcF",4.77395900588817e-15,0.999999999999995,0.304032083965747,0.303658420777772,"D Over L",833.8385375528,1066.94823642501,1029.22828430871,339.685551665141,374.419397155313,175.597906386546
"2176","gene-ACX60_RS11075_yghU",5.84299275629974e-12,0.999999999994157,0.269818181579262,0.269613078047006,"D Over L",1862.62881724798,1544.2084035907,2193.58723180898,511.316146190686,686.435561451407,312.174055798304
"2188","gene-ACX60_RS11135_ACX60_RS11135",0.00154501833286225,0.998454981667138,2.16967000818985,2.20102925558628,"D Over L",23.3650028035811,11.9128902880671,23.3684605519252,35.7563738594886,40.0322625889328,53.3297345322103
"2190","gene-ACX60_RS11145_ACX60_RS11145",0.0108727689803345,0.989127231019665,0.525809029839665,0.525335706151215,"D Over L",474.601619447741,454.17894223256,647.204755285929,324.191122992696,307.306486344455,196.409510106433
"2197","gene-ACX60_RS11180_ACX60_RS11180",1.14396936368166e-10,0.999999999885603,0.393751725841537,0.391659272172398,"D Over L",132.158297107756,151.889351172856,171.70738405545,48.8670442746344,78.8871056899559,50.7282840672245
"2199","gene-ACX60_RS11195_ACX60_RS11195",1.04304504938701e-05,0.999989569549506,0.0889408662520113,0.0871176882234009,"D Over L",302.28472377133,144.443794742814,339.350688014914,19.0700660583939,37.6774236131133,11.7065270924364
"2200","gene-ACX60_RS11200_katE",0,1,0.0515494281724788,0.0515305388346709,"D Over L",23798.7156681226,27536.6459008672,27653.0169931195,1529.18092205746,2128.7744341409,412.32989870026
"2201","gene-ACX60_RS11205_ACX60_RS11205",7.60513964135345e-05,0.999923948603586,0.172444369620246,0.172250582834354,"D Over L",2548.97577460317,1387.10716291682,2781.8628257031,492.246080132292,469.790375676006,195.10878487394
"2203","gene-ACX60_RS11215_ACX60_RS11215",0.00926917160434637,0.990730828395654,0.0266551994176223,0.0253192750472265,"D Over L",197.142211155215,713.28430599802,235.716645567246,9.53503302919695,12.9516143670077,6.50362616246467
"2204","gene-ACX60_RS11220_ACX60_RS11220",0,1,0.0600998494448613,0.0587834741352983,"D Over L",370.91941950685,361.109486857035,391.167709238748,30.9888573448901,25.9032287340154,9.10507662745054
"2231","gene-ACX60_RS11360_pobA",1.64331632745984e-07,0.999999835668367,2.49863538300077,2.50304857664377,"D Over L",219.777057621185,132.530904454747,181.867584295418,539.921245278277,448.59682489363,348.594362308107
"2236","gene-ACX60_RS11385_ACX60_RS11385",1.51022239158749e-09,0.999999998489778,0.414998085230498,0.414465446586419,"D Over L",565.141005311618,550.971175823105,611.644054446042,287.242870004558,314.371003271914,114.463820459378
"2237","gene-ACX60_RS11390_ACX60_RS11390",2.02393657389166e-13,0.999999999999798,0.370088165305013,0.367156429146649,"D Over L",120.475795705965,94.558566661533,122.938422903607,42.9076486313863,44.741940540572,36.4203065098022
"2292","gene-ACX60_RS11665_ACX60_RS11665",0.00164749860720947,0.998352501392791,0.46184445482075,0.461586630248191,"D Over L",1063.83778390055,878.575658744952,1341.14643167571,585.212652166963,567.516193172519,362.902339865529
"2296","gene-ACX60_RS11685_ACX60_RS11685",6.7165998818286e-06,0.999993283400118,0.449105961702561,0.44887235458716,"D Over L",1284.34499785935,1022.27489784476,1403.12365313951,659.109158143239,627.564587055918,378.511042655444
"2334","gene-ACX60_RS11885_ACX60_RS11885",1.78812520346128e-12,0.999999999998212,2.0129558256702,2.01594074959606,"D Over L",213.205650582677,148.911128600839,171.70738405545,384.976958553827,317.903261735643,373.308141725472
"2356","gene-ACX60_RS11995_ACX60_RS11995",3.5807024012513e-11,0.999999999964193,0.273991419841088,0.272790978164853,"D Over L",346.824260365657,259.10536376546,345.446808158894,91.7746929060206,124.806465718438,42.9239326722669
"2357","gene-ACX60_RS12000_ACX60_RS12000",0.00290129645642856,0.997098703543571,0.311599802649989,0.30949069941617,"D Over L",201.523149180887,108.705123878613,203.20400479935,57.2101981751817,60.0483938833993,41.6232074397739
"2367","gene-ACX60_RS12055_ACX60_RS12055",0.0041832511353892,0.995816748864611,2.31625661706601,2.32385385676955,"D Over L",105.872668953727,64.0317852983609,102.618022423672,160.903682367699,183.677440113927,288.761001613432
"2371","gene-ACX60_RS12080_ACX60_RS12080",0.0204255378871289,0.979574462112871,2.63718711511959,2.64580377423181,"D Over L",126.31704640686,50.6297837242854,121.92240287961,189.508781455289,220.177444239131,381.11249312043
"2375","gene-ACX60_RS12100_ACX60_RS12100",1.26792876270487e-05,0.999987320712373,0.371295377544314,0.367170944259296,"D Over L",70.0950084107432,97.5367892335497,72.1374217037691,38.1401321167878,32.9677456614741,16.9094280224082
"2377","gene-ACX60_RS12115_ACX60_RS12115",0.0024208545004748,0.997579145499525,0.357821341304953,0.355460656764761,"D Over L",95.6504802271601,161.568574531911,170.691364031454,48.8670442746344,57.6935549075797,45.5253831372527
"2379","gene-ACX60_RS12125_ACX60_RS12125",0.029877596740032,0.970122403259968,0.458218380418192,0.45454185671968,"D Over L",56.222037996117,95.3031223045372,80.2655818957431,46.4832860173351,34.1451651493839,24.7137794173658
"2380","gene-ACX60_RS12130_cueR",9.33053634355474e-12,0.999999999990669,0.457565275228752,0.45545484714161,"D Over L",124.126577394025,151.144795529852,129.034543047587,75.088385104926,51.8064574680307,57.2319102296891
"2384","gene-ACX60_RS12150_benA",0.0118516888306965,0.988148311169303,2.02690475711962,2.04359076925326,"D Over L",45.9998492695503,22.3366692901259,28.448560671909,79.8559016195244,65.9354913229482,52.0290092997174
"2393","gene-ACX60_RS12195_ahpC",0.00555079087578614,0.994449209124214,0.542898514405201,0.542885138370075,"D Over L",18623.3675471293,14480.8627007886,20654.6710678299,8890.22642059751,11605.8238923268,8688.8445530528
"2394","gene-ACX60_RS12200_ACX60_RS12200",0.000169763253665245,0.999830236746335,0.243326301671811,0.240565593940643,"D Over L",131.428140770144,108.705123878613,191.011764511389,42.9076486313863,52.9838769559405,7.80435139495761
"2395","gene-ACX60_RS12205_ACX60_RS12205",0,1,0.493362003297457,0.492499177077843,"D Over L",311.776756160285,291.865812057645,320.046307558976,166.863078010947,168.3709867711,119.66672138935
"2404","gene-ACX60_RS12250_ACX60_RS12250",0,1,0.097616552710069,0.0976037982225508,"D Over L",35043.123267346,37433.279507679,38823.1411369397,4698.3875251368,5781.12968563707,383.713943585416
"2410","gene-ACX60_RS12280_ACX60_RS12280",2.62583560391993e-05,0.999973741643961,0.481472970733277,0.480592480398852,"D Over L",298.633942083271,287.39847819962,340.366708038911,188.31690232664,180.145181650198,76.7427887170832
"2418","gene-ACX60_RS12320_ACX60_RS12320",3.81037739811685e-05,0.999961896226019,4.74361684930681,4.86496743532332,"D Over L",12.4126577394025,20.8475580041175,15.2403003599512,116.804154607663,65.9354913229482,53.3297345322103
"2420","gene-ACX60_RS12330_ACX60_RS12330",0.000622785303361906,0.999377214696638,1.96679983505878,1.9673212083608,"D Over L",1085.74247402891,770.615090509343,1060.72490505261,1660.28762620892,1656.62921948907,2421.95038290184
"2423","gene-ACX60_RS12345_ACX60_RS12345",0.0223260237645501,0.97767397623545,1.99319036188529,1.99999814008565,"D Over L",104.412356278503,61.0535627263441,64.0092615117951,158.519924110399,111.85485135143,188.605158711476
"2433","gene-ACX60_RS12395_ACX60_RS12395",0.0234132926565486,0.976586707343451,0.334553144133696,0.326331112195656,"D Over L",27.0157844916406,56.5862288683189,43.6888610318602,10.7269121578466,16.4838728307371,14.3079775574223
"2449","gene-ACX60_RS12475_ACX60_RS12475",0.000574907340171626,0.999425092659828,0.308974106297176,0.297174675346134,"D Over L",29.9364098420883,24.5703362191385,37.5927408878797,11.9187912864962,14.1290338549175,1.30072523249293
"2483","gene-ACX60_RS12655_rnhB",5.17546339118269e-10,0.999999999482454,2.12529543985819,2.12889956488991,"D Over L",170.126426663575,164.546797103927,156.467083695499,303.929177805653,320.258100711463,421.434975327711
"2521","gene-ACX60_RS12845_gudD",0.026752755539398,0.973247244460602,1.89741444934756,1.90404747509457,"D Over L",78.1267281244743,62.5426740123525,72.1374217037691,177.589990168793,136.580660597536,91.0507662745054
"2529","gene-ACX60_RS12885_ACX60_RS12885",1.37685580104963e-05,0.99998623144199,3.86604814542023,4.03555190219825,"D Over L",8.76187605134291,9.67922335905456,8.12816019197399,45.2914068886855,41.2096820768426,20.811603719887
"2530","gene-ACX60_RS12890_ACX60_RS12890",0.00882089599246438,0.991179104007536,3.14327405741708,3.1464828448226,"D Over L",397.205047660878,358.875819928023,294.645806959057,1579.23984546074,1122.08077197803,604.837233109215
"2542","gene-ACX60_RS12950_ACX60_RS12950",1.7430501486615e-14,0.999999999999983,2.19839444055928,2.20534769703412,"D Over L",88.348916851041,92.3248997325204,90.4257821357106,179.973748426092,182.500020626017,235.431267081221
"2565","gene-ACX60_RS13070_ACX60_RS13070",5.68673532344022e-05,0.999943132646766,4.54461988023618,4.55344260066404,"D Over L",225.61830832208,239.746917047351,166.627283935467,877.223038686119,607.548455761451,1393.07672399993
"2581","gene-ACX60_RS13150_ACX60_RS13150",1.3340894995939e-05,0.999986659105004,2.91076464648175,2.91510223843818,"D Over L",297.173629408047,84.8793433024784,310.902127343005,524.426816605832,672.30652759649,823.359072168028
"2608","gene-ACX60_RS13285_ACX60_RS13285",1.53974729982798e-05,0.999984602527002,0.434827653519026,0.433336002694649,"D Over L",175.237521026858,177.948798678003,242.828785735223,87.0071763914222,103.612914936061,67.6377120896326
"2609","gene-ACX60_RS13290_ureG",0,1,0.413794907242249,0.412558516015794,"D Over L",246.062685775213,253.893474264431,245.876845807213,106.077242449816,111.85485135143,89.7500410420125
"2610","gene-ACX60_RS13295_ACX60_RS13295",1.00992658680354e-10,0.999999999899007,0.438908215688767,0.436161499851783,"D Over L",102.952043603279,100.515011805567,117.858322783623,48.8670442746344,60.0483938833993,31.2174055798304
"2611","gene-ACX60_RS13300_ureE",0.000667877626981617,0.999332122373018,0.494912919268994,0.492891676635181,"D Over L",131.428140770144,107.216012592604,154.435043647506,64.3614729470794,81.2419446657755,48.1268336022386
"2612","gene-ACX60_RS13305_ureC",3.33730287849221e-09,0.999999996662697,0.549879165600482,0.549147895031605,"D Over L",301.554567433718,358.875819928023,307.854067271015,181.165627554742,204.870990896303,145.681226039209
"2618","gene-ACX60_RS13335_ACX60_RS13335",0.0139238832247002,0.9860761167753,0.219895200807189,0.219786034358298,"D Over L",4419.63631156488,2116.77169306093,4705.18873112894,989.259676779183,1143.27432276041,338.188560448163
"2622","gene-ACX60_RS13355_ACX60_RS13355",2.22044604925031e-16,1,2.56931356922496,2.57011944851006,"D Over L",1030.98074870802,1122.04535400732,910.353941501086,3020.22171199813,2185.29056956057,2667.78745184301
"2639","gene-ACX60_RS13440_ACX60_RS13440",2.3290438488921e-07,0.999999767095615,0.536518200024664,0.536162408959523,"D Over L",667.362892577285,710.306083426004,671.589235861851,438.61151934306,428.580693599163,231.529091383742
"2645","gene-ACX60_RS13470_ACX60_RS13470",0.0085631382778989,0.991436861722101,17.1326934397923,17.147283522346,"D Over L",811.203691086831,396.848157721237,531.378472550299,6015.41396229462,4590.75858336027,19220.8167605481
"2646","gene-ACX60_RS13475_nfuA",0.00763013270347723,0.992369867296523,2.21657570118808,2.21785487929898,"D Over L",570.252099674901,291.865812057645,633.996494973971,930.857599475352,926.629136985004,1460.71443608957
"2647","gene-ACX60_RS13480_ACX60_RS13480",1.06592850280807e-05,0.999989340714972,2.38037564153465,2.39385328414943,"D Over L",56.9521943337289,54.3525619393063,49.7849811758407,121.571671122261,98.9032369844223,165.192104526603
"2660","gene-ACX60_RS13550_ACX60_RS13550",1.98078251578693e-08,0.999999980192175,0.268837788881734,0.268722912607668,"D Over L",3555.86136417,2666.99831324103,3789.75468950787,1009.52162196623,1361.09692802372,319.978407193262
"2685","gene-ACX60_RS13675_pgaD",1.32660897429471e-05,0.999986733910257,1.92813855787056,1.93672342176621,"D Over L",56.222037996117,52.863450653298,60.9612014398049,112.036638093064,85.9516226174146,131.373248481786
"2697","gene-ACX60_RS13735_betI",0,1,3.84618621813474,3.85457344684701,"D Over L",197.872367492827,134.76457138376,201.171964751356,851.001697855828,612.258133713091,594.431431249271
"2698","gene-ACX60_RS13740_betB",5.80758116530689e-06,0.999994192418835,3.48923568984929,3.49120106350068,"D Over L",773.965717868623,617.981183693483,600.467834182078,2958.24399730835,2552.64544978842,1445.10573329965
"2699","gene-ACX60_RS13745_betA",0.00166005131716096,0.998339948682839,5.03338454355577,5.03928820851079,"D Over L",459.998492695503,225.600359830272,389.135669190755,2591.14522568427,2052.24216742676,772.630788100803
"2720","gene-ACX60_RS13850_hemB",1.1256892662459e-07,0.999999887431073,0.491801125289912,0.49167872069021,"D Over L",1856.05741020947,2414.59395026261,2260.64455339276,901.060621259112,1042.01624680016,1268.20710168061
"2726","gene-ACX60_RS13880_ACX60_RS13880",0.000289411927338556,0.999710588072661,2.19419995115527,2.19779290020495,"D Over L",169.396270325963,189.86168896607,163.579223863476,313.46421083485,329.677456614741,505.982115439752
"2739","gene-ACX60_RS13945_ACX60_RS13945",0.0340962598625708,0.965903740137429,0.414501236711288,0.414350057147952,"D Over L",1618.02644414799,2689.33498253116,1785.14718216229,910.595654288309,997.274306259592,616.543760201651
"2742","gene-ACX60_RS13960_ACX60_RS13960",0.0342494476672554,0.965750552332745,0.419759556185656,0.419747492331268,"D Over L",25762.106059961,19716.5779823941,30184.9388929194,11524.2792949132,15401.824321348,4833.49496394375
"2746","gene-ACX60_RS13980_minD",0.00555050155050718,0.994449498449493,0.538140398491072,0.538090887249096,"D Over L",4267.76379334161,6005.58581647185,4401.39874395391,2376.60698252734,2688.04869089805,2831.67883113712
"2761","gene-ACX60_RS14055_ACX60_RS14055",2.54786515052619e-06,0.999997452134849,0.317886318916983,0.317813551137165,"D Over L",5023.47560276993,3899.98245805598,5822.81075752536,2009.50821090326,1948.6292524907,728.406130196044
"2770","gene-ACX60_RS14100_ACX60_RS14100",0.00134139235731068,0.998658607642689,2.6411988733951,2.64900648365035,"D Over L",145.30111118477,57.3307845113231,128.01852302359,381.401321167878,295.532291465357,199.010960571419
"2771","gene-ACX60_RS14105_ACX60_RS14105",0.0159888168260783,0.984011183173922,2.27501369584271,2.27999764398747,"D Over L",196.412054817603,64.7763409413651,141.226783335548,368.290650752732,332.032295590561,217.22111382632
"2776","gene-ACX60_RS14130_ACX60_RS14130",0.000695439744540671,0.999304560255459,1.88961949629039,1.8984220430157,"D Over L",62.0632886970123,49.140672438277,47.7529411278472,126.33918763686,88.3064615932342,87.1485905770266
"2795","gene-ACX60_RS14225_rplY",0.00647547492993328,0.993524525070067,4.41991428633885,4.42479907602062,"D Over L",413.26848708834,250.17069604941,437.904630342599,1007.13786370893,1275.1453054063,2591.04466312593
"2803","gene-ACX60_RS14265_lysM",5.23870162139062e-07,0.999999476129838,0.22217313750092,0.222156187333173,"D Over L",26601.7858482147,17940.8127738291,27646.9208729755,6122.68308387309,8440.92030882528,1473.7216884145
"2819","gene-ACX60_RS14345_otsB",0.00474335685993155,0.995256643140068,0.143759932426956,0.140511924764133,"D Over L",192.761273129544,68.4991191563861,153.419023623509,20.2619451870435,22.370970270286,15.6087027899152
"2820","gene-ACX60_RS14350_ACX60_RS14350",0.0198428401431111,0.980157159856889,0.19107506013666,0.190860377862924,"D Over L",2324.08762261871,990.259005195581,2613.20350171964,367.098771624083,390.90326998605,373.308141725472
"2828","gene-ACX60_RS14390_ACX60_RS14390",2.57460719410574e-13,0.999999999999743,2.11148764466049,2.11376404184538,"D Over L",226.348464659692,306.012369274725,235.716645567246,512.508025319336,494.516184922112,616.543760201651
"2841","gene-ACX60_RS14455_ACX60_RS14455",0.0142496657831845,0.985750334216815,1.98974166306634,1.99371798278056,"D Over L",147.491580197606,99.7704561625623,144.274843407538,199.043814484486,234.306478094048,347.293637075614
"2843","gene-ACX60_RS14465_ACX60_RS14465",0.00599204066798986,0.99400795933201,0.199558765361601,0.199506143342184,"D Over L",8480.76586136232,4829.93245616822,10618.42527079,1896.27969368154,2553.82286927633,323.880582890741
"2852","gene-ACX60_RS14515_ACX60_RS14515",0,1,0.0719893291111034,0.0719847779256303,"D Over L",107636.726665397,87956.5917750147,125176.715016471,8659.00186963948,13078.7756717019,1352.75424179265
"2853","gene-ACX60_RS14520_ACX60_RS14520",0.0132136940635545,0.986786305936445,0.136650343621564,0.136340978603984,"D Over L",1425.99532735606,762.424978436297,2201.71539200095,275.324078718062,267.274223755522,55.9311849971962
"2865","gene-ACX60_RS14580_nuoI",1.63298278916812e-05,0.999983670172108,0.506785971187563,0.506702421322581,"D Over L",2575.2614027572,3089.16136282441,3622.11138554841,1486.27327342607,1503.5646860608,1715.65658165818
"2866","gene-ACX60_RS14585_nuoH",1.39594099370921e-05,0.999986040590063,0.510785708249452,0.510744675137744,"D Over L",5750.71131503139,5610.22677003662,7394.59373464833,2800.9159523266,2990.64549929087,3787.71187701943
"2885","gene-ACX60_RS14685_ACX60_RS14685",1.00475183728577e-13,0.9999999999999,2.35821370157945,2.37040433456682,"D Over L",64.253757709848,43.9287829372476,67.0573215837854,143.025495437954,118.919368278889,153.485577434166
"2894","gene-ACX60_RS14730_ACX60_RS14730",3.16675284883772e-08,0.999999968332472,0.364684658627544,0.3642886567291,"D Over L",856.473384018769,735.620975288146,931.690362005018,423.117090670615,366.177460739945,130.072523249293
"2902","gene-ACX60_RS14770_ACX60_RS14770",2.10152874516867e-05,0.999978984712548,0.516880456111,0.515409556764492,"D Over L",187.650178766261,148.166572957835,180.851564271421,109.652879835765,94.1935590327832,62.4348111596609
"2903","gene-ACX60_RS14775_ACX60_RS14775",0.0484944240745605,0.951505575925439,0.255047617103602,0.252937048676588,"D Over L",241.681747749542,93.0694553755246,220.476345207294,61.9777146897802,45.9193600284818,32.5181308123234
"2904","gene-ACX60_RS14780_ACX60_RS14780",0.00416249328581286,0.995837506714187,0.382803813698931,0.382521625433744,"D Over L",1155.10732610204,842.83698788075,1442.74843407538,563.75882785127,479.209731579284,273.152298823516
"2916","gene-ACX60_RS14840_ACX60_RS14840",1.21834715094415e-07,0.999999878165285,0.444004449728788,0.443409200674156,"D Over L",438.093802567145,562.884066111173,468.385231062501,243.143342244522,261.387126315973,146.981951271702
"2922","gene-ACX60_RS14870_ACX60_RS14870",0.00551118324376543,0.994488816756235,0.502154969582093,0.5006008828581,"D Over L",130.697984432532,191.350800252078,181.867584295418,61.9777146897802,108.322592887701,81.9456896470549
"2942","gene-ACX60_RS14970_raiA",0,1,0.106596023050805,0.106507272159422,"D Over L",4277.25582573056,5728.61111727429,5829.92289769334,673.411707687035,733.532340967799,279.655924985981
"2945","gene-ACX60_RS14985_ACX60_RS14985",3.96503063559983e-06,0.999996034969364,0.380229018061849,0.380143246209452,"D Over L",3680.11206814141,4559.53218329839,3127.48235726607,975.755686251583,1917.8161844921,1427.545942661
"2968","gene-ACX60_RS15100_ACX60_RS15100",1.18582921260213e-12,0.999999999998814,2.92984985733582,2.93082904524966,"D Over L",1190.88498664502,556.183065324135,1353.33867196367,2953.47648079375,2653.90352574867,3479.4399969186
"2969","gene-ACX60_RS15105_ACX60_RS15105",0.00427270659160794,0.995727293408392,0.462948695806089,0.462811326104678,"D Over L",1809.32740460231,1996.89823453726,2343.9581953605,1041.70235843977,1385.82273726982,418.833524862725
"2980","gene-ACX60_RS15160_infC",0.0038541131370935,0.996145886862907,1.83788574856038,1.83812653489484,"D Over L",1766.24818068321,1877.02477601358,1830.86808324214,2780.65400713956,2955.32291465357,4326.2121232715
"3013","gene-ACX60_RS15325_acnA",0.0217016879288059,0.978298312071194,0.236160546109351,0.236143512111185,"D Over L",25402.8691418559,14574.6767118071,30564.9303818942,6657.83681263677,8790.61389673449,1209.67446621843
"3057","gene-ACX60_RS15545_ACX60_RS15545",0.00533874835160941,0.994661251648391,1.84890263671764,1.85221800772922,"D Over L",160.63439427462,116.150680308655,125.986482975597,266.980924817515,182.500020626017,296.565353008389
"3073","gene-ACX60_RS15625_ACX60_RS15625",0,1,0.292370698332538,0.291549068492109,"D Over L",396.474891323267,509.27605981487,449.080850606563,151.368649338502,133.048402133806,110.561644761899
"3098","gene-ACX60_RS15750_ACX60_RS15750",0.000262751426746477,0.999737248573254,0.471765448956327,0.471642480820111,"D Over L",1810.78771727753,2647.63986652292,2299.25331430464,1076.26685317061,1218.62916998663,892.297509490153
"3115","gene-ACX60_RS15835_ACX60_RS15835",0.0487763105061995,0.951223689493801,2.95986940071156,2.96120654343027,"D Over L",987.901524788913,690.947636707894,626.884354805994,1759.21359388684,1617.77437638805,3450.82404180376
"3116","gene-ACX60_RS15840_ACX60_RS15840",3.39631978985011e-07,0.999999660368021,3.46575004681021,3.46929476389994,"D Over L",454.157241994607,367.810487644073,272.293366431129,1126.32577657389,984.322691892584,1685.73990131084
"3141","gene-ACX60_RS15965_asd",0.0120207091426515,0.987979290857348,1.88746423074177,1.88787599827843,"D Over L",1354.44000627009,772.104201795352,1263.92890985195,1904.62284758209,1829.70988421181,2666.48672661052
"3149","gene-ACX60_RS16005_ACX60_RS16005",2.92866508821987e-10,0.999999999707133,2.51762957243718,2.53037250972558,"D Over L",69.3648520731313,49.8852280812812,68.0733416077821,171.630594525545,180.145181650198,122.268171854336
"3159","gene-ACX60_RS16055_katG",1.89570581454745e-12,0.999999999998104,0.325361473490434,0.32531603346307,"D Over L",7258.48415219999,7901.22448356053,8196.23353358177,3035.71614067058,3694.74235306092,867.583730072788
"3163","gene-ACX60_RS16075_ACX60_RS16075",0.0310702762192162,0.968929723780784,0.429354608096297,0.429066654328569,"D Over L",1147.80576272592,731.153641430121,1238.52840925204,550.648157436124,521.596833144037,265.347947428559
"3171","gene-ACX60_RS16115_ACX60_RS16115",0.000160575362995963,0.999839424637004,2.57688260074695,2.60637672497699,"D Over L",17.5237521026858,43.1842272942434,23.3684605519252,84.6234181341229,56.5161354196699,78.0435139495761
"3181","gene-ACX60_RS16165_crcB",0.000153972299765881,0.999846027700234,0.484722645664927,0.480861675420581,"D Over L",70.0950084107432,70.7327860853987,69.0893616317789,34.5644947308389,49.4516184922112,16.9094280224082
"3202","gene-ACX60_RS16275_ACX60_RS16275",2.82953501740124e-08,0.99999997170465,2.37480093051944,2.38583091916962,"D Over L",69.3648520731313,67.7545635133819,58.9291613918114,157.32804498175,153.064533428273,157.387753131645
"3203","gene-ACX60_RS16280_ACX60_RS16280",4.29962732084732e-11,0.999999999957004,0.367077400050286,0.366922835969866,"D Over L",2116.72322273692,2031.89234975845,2293.15719416066,1027.39980889597,1014.93559857824,321.279132425755
"3204","gene-ACX60_RS16285_ACX60_RS16285",0.0133040671074708,0.986695932892529,0.406053026057591,0.405030217877087,"D Over L",302.28472377133,235.279583189326,375.927408878797,171.630594525545,155.419372404092,42.9239326722669
"3262","gene-ACX60_RS16580_ACX60_RS16580",0.00282608339843016,0.99717391660157,0.283943228661279,0.282630037023886,"D Over L",303.014880108942,183.905243822037,370.847308758813,97.7340885492687,96.5483980086027,48.1268336022386
"3269","gene-ACX60_RS16615_ACX60_RS16615",1.8972302728848e-08,0.999999981027697,0.279718774061716,0.279019183377961,"D Over L",567.331474324453,424.396716512392,627.90037482999,166.863078010947,209.580668847943,75.4420634845902
"3270","gene-ACX60_RS16620_ACX60_RS16620",3.07025563972552e-07,0.999999692974436,0.530157481918139,0.530145305855681,"D Over L",17951.6237165264,23078.2467105581,19673.195724649,9992.7146145984,12001.4368402645,10187.2800208847
"3271","gene-ACX60_RS16625_ACX60_RS16625",0.000403347173781987,0.999596652826218,2.42508427452231,2.42750278610312,"D Over L",403.776454699386,242.725139619368,280.421526623103,650.766004242692,613.435553201,985.949726229645
"3274","gene-ACX60_RS16640_ACX60_RS16640",0.0328156949618378,0.967184305038162,0.514394722319731,0.51383398473992,"D Over L",460.728649033114,416.95116008235,484.641551446449,293.202265647806,326.145198151012,80.644964414562
"3275","gene-ACX60_RS16645_ACX60_RS16645",0.00368548274483183,0.996314517255168,0.470409388454378,0.46929495706949,"D Over L",226.348464659692,228.578582402288,292.613766911064,119.187912864962,173.080664722739,58.5326354621821
"3278","gene-ACX60_RS16660_rplL",0.000340462346146486,0.999659537653854,3.63073384457469,3.63106664060696,"D Over L",4869.41261553382,2034.87057233047,5531.2130106383,11829.4003518475,11896.6465058405,21428.1474800886
"3279","gene-ACX60_RS16665_rplJ",0.00887560979978086,0.991124390200219,3.27627140333204,3.27670603479201,"D Over L",2827.89549557092,2149.53214135312,3261.42427702956,6531.49762499991,6999.7588556237,13465.1076067669
"3310","gene-ACX60_RS16820_ACX60_RS16820",0.000551073697811932,0.999448926302188,0.463085327032189,0.461731879175475,"D Over L",173.777208351634,253.148918621427,197.107884655369,112.036638093064,107.145173399791,68.9384373221256
"3315","gene-ACX60_RS16845_gluQRS",0.000133001164009938,0.99986699883599,2.19850474798665,2.20083540695403,"D Over L",293.522847719987,269.529142767519,245.876845807213,473.176014073899,534.548447511045,772.630788100803
"3319","gene-ACX60_RS16865_ACX60_RS16865",0.00822445672067074,0.991775543279329,2.82831570046595,2.82923501277788,"D Over L",1389.48751047546,739.343753503167,999.7637036128,2436.20093895982,2208.83895931877,4206.54540188215
"3321","gene-ACX60_RS16875_xerD",0.00147320295521192,0.998526797044788,2.36213407550732,2.36779941067147,"D Over L",105.872668953727,139.231905241785,133.098623143574,253.870254402369,231.951639118229,409.728448235274
"3349","gene-ACX60_RS17015_ACX60_RS17015",0.00700738245725507,0.992992617542745,1.88276187196006,1.88828912584191,"D Over L",105.142512616115,42.4396716512392,103.634042447668,148.984891081202,153.064533428273,172.346093305314
"3354","gene-ACX60_RS17045_ACX60_RS17045",7.74956528126758e-06,0.999992250434719,0.472404077807653,0.472130344130705,"D Over L",1048.9937055569,814.811913478072,1168.2299837917,486.382034819336,511.859573979023,433.258567691072
"3360","gene-ACX60_RS17075_ACX60_RS17075",0.000866119334711146,0.999133880665289,2.72356367806766,2.72391837888749,"D Over L",2595.70578021034,2920.89178750546,2127.54593024919,9164.35862018692,7123.38790185423,4534.32816047037
"3378","gene-ACX60_RS17165_ACX60_RS17165",0.000210804068908721,0.999789195931091,1.95489774495797,1.97143433214031,"D Over L",33.5871915301478,18.6138910751049,38.6087609118764,65.553352075729,58.8709743954895,54.6304597647033
"3382","gene-ACX60_RS17185_cysK",2.1094237467878e-15,0.999999999999998,0.460087770362871,0.459963908473792,"D Over L",2069.99321712976,2458.52273319986,2328.71789500055,1131.09329308849,1213.91949203499,809.051094610606
"3385","gene-ACX60_RS17200_ACX60_RS17200",3.96503063559983e-06,0.999996034969364,0.380229018061849,0.380143246209452,"D Over L",3680.11206814141,4559.53218329839,3127.48235726607,975.755686251583,1917.8161844921,1427.545942661
"3390","gene-ACX60_RS17225_ACX60_RS17225",0.00535235795701861,0.994647642042981,0.486171377863242,0.484221232614187,"D Over L",116.825014017905,175.71513174899,121.92240287961,70.3208685903275,71.8225887624972,58.5326354621821
"3402","gene-ACX60_RS17285_ACX60_RS17285",1.78643568948811e-06,0.999998213564311,0.448288339314374,0.448214732676252,"D Over L",3967.66953858311,3435.37973682136,4388.19048364196,1871.2502319799,2328.93574708556,1084.80484389911
"3404","gene-ACX60_RS17295_ACX60_RS17295",2.02421968076294e-10,0.999999999797578,2.26921760438708,2.26961290920423,"D Over L",1994.05695801812,1023.76400913077,2033.05606801749,3649.53389192513,3745.37139104104,4068.6685272379
"3420","gene-ACX60_RS17375_ACX60_RS17375",1.6593480239635e-05,0.99998340651976,2.23598225069089,2.23652406624814,"D Over L",1236.88483591457,1034.93234377583,1316.76195109979,2607.83153348537,2055.77442589049,3362.37472599424
"3431","gene-ACX60_RS17430_ACX60_RS17430",0.000275352807751816,0.999724647192248,0.497375176990745,0.49660357411335,"D Over L",315.427537848345,331.327261136867,377.95944892679,220.497638800179,202.516151920484,85.8478653445337
"3440","gene-ACX60_RS17475_ACX60_RS17475",7.84804443654252e-11,0.99999999992152,0.328732968120182,0.325910844877757,"D Over L",125.586890069248,123.596236738697,124.9704629516,44.0995277600359,51.8064574680307,26.0145046498587
"3441","gene-ACX60_RS17480_ACX60_RS17480",0.000143156381690601,0.999856843618309,0.40883411251965,0.408514562108564,"D Over L",1028.06012335757,887.510326461002,994.683603492817,538.729366149628,548.677481365962,101.456568134449
"3442","gene-ACX60_RS17485_ACX60_RS17485",1.59521207736546e-05,0.999984047879226,0.400089969215696,0.399761437283146,"D Over L",875.457448796679,937.395554542283,1059.70888502861,467.21661843065,551.032320341782,130.072523249293
"3445","gene-ACX60_RS17500_ACX60_RS17500",0.000459705589224479,0.999540294410776,0.347707682307761,0.34627920882288,"D Over L",248.253154788049,209.964691327183,260.101126143168,100.117846806568,146.000016500814,2.60145046498587
"3459","gene-ACX60_RS17570_ACX60_RS17570",0.00767140279991541,0.992328597200085,3.36014906817454,3.36173832879079,"D Over L",871.076510771007,780.294313868398,684.797496173808,3772.29744217604,2660.96804267612,1420.39195388228
"3460","gene-ACX60_RS17575_ACX60_RS17575",0.0316231689132072,0.968376831086793,4.17308726035033,4.17537337714823,"D Over L",891.520888224141,636.595074768588,655.332915477903,4732.95201986764,3014.19388904906,1369.66366981506
"3467","gene-ACX60_RS17610_ACX60_RS17610",2.33846275676797e-12,0.999999999997662,0.400125670572529,0.399846791661065,"D Over L",1111.29794584533,1129.49091043737,1143.02252699634,566.142586108569,572.225871124158,214.619663361334
"3468","gene-ACX60_RS17615_ACX60_RS17615",3.61418259418045e-05,0.999963858174058,0.463631723563016,0.463341602747735,"D Over L",911.235109339662,937.395554542283,1059.70888502861,566.142586108569,574.580710099977,206.815311966377
"3470","gene-ACX60_RS17625_ACX60_RS17625",1.07466845600257e-06,0.999998925331544,0.536584752834725,0.534410368959099,"D Over L",110.98376331701,109.449679521617,114.810262711633,77.4721433622252,60.0483938833993,41.6232074397739
"3480","gene-ACX60_RS17675_ACX60_RS17675",0.0056328732053802,0.99436712679462,0.408813667403798,0.401731782655522,"D Over L",37.2379732182074,40.2060047222266,53.8490612718277,25.029461701642,21.1935507823762,6.50362616246467
"3487","gene-ACX60_RS17710_ACX60_RS17710",6.66133814775094e-16,0.999999999999999,2.02434551304584,2.02455613397304,"D Over L",2529.99170982526,2833.77877727397,2287.06107401668,5562.49989340777,4447.11340583528,5479.95540449273
"3520","gene-ACX60_RS17880_ACX60_RS17880",7.2708616905004e-11,0.999999999927291,2.31843002071463,2.32300832140822,"D Over L",175.96767736447,112.427902093634,164.595243887473,300.353540419704,346.161329445478,405.826272537796
"3542","gene-ACX60_RS17990_ACX60_RS17990",2.4567151379884e-07,0.999999754328486,0.505491315681156,0.505252827961456,"D Over L",1060.18700221249,1072.90468156905,1128.79824666039,675.795465944334,652.290396302023,319.978407193262
"3545","gene-ACX60_RS18005_ACX60_RS18005",3.96503063559983e-06,0.999996034969364,0.380229018061849,0.380143246209452,"D Over L",3680.11206814141,4559.53218329839,3127.48235726607,975.755686251583,1917.8161844921,1427.545942661
"3555","gene-ACX60_RS18055_grpE",0.0016300283220958,0.998369971677904,2.02906523377395,2.03010625492416,"D Over L",580.474288401468,294.844034629662,679.717396053825,924.898203832104,969.016238549757,1263.00420075064
"3568","gene-ACX60_RS18120_ACX60_RS18120",0.00500739175421816,0.994992608245782,1.84796682431303,1.85968548366661,"D Over L",41.6189112438788,30.5267813631721,41.6568209838667,57.2101981751817,77.7096862020461,76.7427887170832
"3569","gene-ACX60_RS18125_ACX60_RS18125",0,1,2.12346630386086,2.12837647098694,"D Over L",132.888453445367,132.530904454747,94.4898622316976,239.567704858573,263.741965291793,262.746496963573
"3573","gene-ACX60_RS18150_ACX60_RS18150",6.37479432652466e-06,0.999993625205673,0.177541984406789,0.177310103135666,"D Over L",1837.07334543156,1316.37437683142,2426.25581730423,429.076486313863,500.403282361661,59.833360694675
"3579","gene-ACX60_RS18180_yidD",0.000214387216336487,0.999785612783664,2.26899006759517,2.27408562505076,"D Over L",143.840798509546,108.705123878613,139.194743287555,226.457034443428,275.516160170891,388.916844515388
"3591","gene-ACX60_RS18255_ACX60_RS18255",0,1,0.281478189773397,0.281218790971761,"D Over L",1375.61454006084,1382.63982905879,1599.21551777088,477.943530588497,414.451659744246,332.985659518191
"3666","gene-ACX60_RS18665_trbK",0.0166613219855251,0.983338678014475,2.26254905969199,2.27675796589346,"D Over L",71.5553210859671,16.3802241460923,51.8170212238342,101.309725935218,127.161304694257,89.7500410420125
"3680","gene-ACX60_RS18750_ACX60_RS18750",4.89238115763957e-06,0.999995107618842,0.286886935535063,0.28685193002553,"D Over L",8663.24653325829,13493.0532836585,9890.67044800163,3394.12611344681,3367.09005796538,2431.49770610834
"3681","gene-ACX60_RS18755_ACX60_RS18755",0,1,0.356292186509672,0.35620174190986,"D Over L",3371.79625302141,4064.68561184494,3759.71097739829,1435.8567862842,1499.66742755582,1052.55986538561
"3683","gene-ACX60_RS18765_ACX60_RS18765",1.72834521695586e-05,0.99998271654783,0.535759365001045,0.534644207621299,"D Over L",200.792992843275,220.388470329242,233.684605519252,144.217374566604,133.048402133806,72.8406130196043
"3685","gene-ACX60_RS18775_ACX60_RS18775",0.020077395597409,0.979922604402591,0.544626954630714,0.543747067624867,"D Over L",306.665661797002,207.731024398171,299.725907079041,148.984891081202,176.612923186468,117.065270924364
"3694","gene-ACX60_RS18820_ACX60_RS18820",0.00700738245725507,0.992992617542745,1.88276187196006,1.88828912584191,"D Over L",105.142512616115,42.4396716512392,103.634042447668,148.984891081202,153.064533428273,172.346093305314
"3699","gene-ACX60_RS18850_ACX60_RS18850",7.74956528126758e-06,0.999992250434719,0.472404077807653,0.472130344130705,"D Over L",1048.9937055569,814.811913478072,1168.2299837917,486.382034819336,511.859573979023,433.258567691072
"3710","gene-ACX60_RS18910_ACX60_RS18910",2.26094932296306e-05,0.99997739050677,2.35909869667042,2.36638095591892,"D Over L",143.110642171934,72.2218973714071,78.2335418477496,272.940320460763,220.177444239131,201.612411036405
"3759","gene-ACX60_RS19495_ACX60_RS19495",7.81377296199537e-10,0.999999999218623,0.219272653133653,0.215457660177632,"D Over L",87.6187605134291,104.237790020588,130.050563071584,25.029461701642,36.5000041252035,7.80435139495761
"3774","gene-ACX60_RS19590_ACX60_RS19590",0,1,0.199764834141269,0.198440838053855,"D Over L",264.316594215511,318.669815205796,367.799248686823,64.3614729470794,80.0645251778657,44.2246579047598
"3792","gene-ACX60_RS19750_ACX60_RS19750",5.63862747915422e-05,0.999943613725208,0.118918910551897,0.102349879939182,"D Over L",30.6665661797002,16.3802241460923,36.5767208638829,3.57563738594886,2.35483897581958,2.60145046498587
"3797","gene-ACX60_RS19780_ACX60_RS19780",0.0184847793699939,0.981515220630006,0.547820339891037,0.546064562305562,"D Over L",138.729704146263,122.107125452688,144.274843407538,101.309725935218,84.7742031295049,35.1195812773092
"3799","gene-ACX60_RS19790_ACX60_RS19790",2.28010614305996e-05,0.999977198938569,3.19025466970983,3.26084299162448,"D Over L",18.9840647779096,7.44555643004197,22.3524405279285,48.8670442746344,40.0322625889328,70.2391625546185
"3804","gene-ACX60_RS19815_ACX60_RS19815",0.0405157117605653,0.959484288239435,0.253376913233612,0.252350283046754,"D Over L",262.126125202675,562.884066111173,319.030287534979,106.077242449816,131.870982645896,50.7282840672245
"3820","gene-ACX60_RS19895_ACX60_RS19895",0,1,0.271386930414587,0.269119476944979,"D Over L",165.015332300291,158.590351959894,181.867584295418,46.4832860173351,51.8064574680307,37.7210317422951
