,Number,Locus,PPEE,PPDE,PostFC,RealFC,Direction,D1,D2,D3,L1,L2,L3,New Locus,Gene,Product,Refseq,ProteinID,Start,End,Chrom
0,80,gene-ACX60_00400_ACX60_00400,0.0,1.0,25.5073854381321,25.5578229928149,D Over L,223.337289657923,239.660642259893,327.662793715164,6339.63554654658,5461.598760914,8407.06930032749,,,,,,,,
1,78,gene-ACX60_00390_proY,0.0,1.0,18.7580980788115,18.7694589083343,D Over L,922.543575580441,864.200027810037,756.833878877395,19871.5852355353,12205.5780847076,15664.9427971155,,,,,,,,
2,79,gene-ACX60_00395_ACX60_00395,0.0,1.0,17.7341701885541,17.7473737254589,D Over L,659.793823041708,690.547613291216,712.050809121336,12959.5221001358,10341.4748422481,13301.551427393,,,,,,,,
3,2661,gene-ACX60_13475_ACX60_13475,0.0084611596464401,0.99153884035356,17.1345688785064,17.1496684717514,D Over L,810.874930751479,530.09684432061,397.82293633299,6018.83758529357,4591.36989409308,19210.0298516993,,,,,,,,
4,77,gene-ACX60_00385_ACX60_00385,0.0,1.0,15.5225926053218,15.5267593920596,D Over L,2015.87449031106,1785.268682597,1870.43954681139,35488.1253939302,20353.2283276493,32220.3823424489,,,,,,,,
5,76,gene-ACX60_00380_ACX60_00380,0.0,1.0,11.2378032080142,11.2394467798472,D Over L,3071.2526630083,2984.58740509248,4080.4840392729,49172.7224399464,25233.1044089835,39521.1556825817,,,,,,,,
6,374,gene-ACX60_01890_ACX60_01890,0.0008331738150645,0.999166826184935,8.14923518487674,8.19294354594724,D Over L,86.8533904225257,82.2564068773361,97.0299844714609,456.749513605595,486.339001349177,1237.59548073477,,,,,,,,
7,1906,gene-ACX60_09665_ACX60_09665,1.20756912025399e-06,0.99999879243088,6.85226700767819,6.89484497001348,D Over L,117.507528218711,56.8686269769237,49.2613767316648,446.016496314601,335.609238219166,760.497222930505,,,,,,,,
8,214,gene-ACX60_01085_ACX60_01085,0.0011486473217935,0.998851352678206,5.94853446900613,5.97138723771237,D Over L,117.507528218711,122.876854717996,111.957674390147,461.519743512703,493.404458995896,1149.19580353943,,,,,,,,
9,1106,gene-ACX60_05615_ACX60_05615,1.11022302462516e-16,1.0,5.92128879217668,6.14195477648539,D Over L,15.3270688980928,14.2171567442309,6.71746046340883,63.2055462691815,64.7666950949267,94.8996534597041,,,,,,,,
10,1111,gene-ACX60_05640_entE,0.0,1.0,5.8165315153757,5.85967868896768,D Over L,104.370040591775,43.6669814287093,33.5873023170442,426.935576686169,295.571644887757,341.898751505509,,,,,,,,
11,1910,gene-ACX60_09685_ACX60_09685,0.0,1.0,5.7306839194607,5.73488536640535,D Over L,844.44851024254,550.40706824094,437.381314617508,3223.48285972826,3059.34316102945,4224.98457183614,,,,,,,,
12,318,gene-ACX60_01610_ACX60_01610,4.1898898794912e-09,0.99999999581011,5.64294781330301,5.74946111109908,D Over L,18.9763710166863,21.3257351163464,30.6017643333069,125.218535061586,95.3836782307103,187.199316413663,,,,,,,,
13,1103,gene-ACX60_05600_ACX60_05600,1.35289798387506e-05,0.999986471020161,5.29430038823345,5.35502629014341,D Over L,48.9006483891531,35.5428918605773,30.6017643333069,153.839914504234,154.262491953371,308.09887493082,,,,,,,,
14,2716,gene-ACX60_13750_ACX60_13750,0.0016836103765601,0.99831638962344,5.0288508447366,5.03494413165005,D Over L,459.812066942783,389.956299270334,226.154502268097,2592.61995451322,2052.51544637195,772.197180206359,,,,,,,,
15,2133,gene-ACX60_10815_ACX60_10815,0.0,1.0,4.98920191963814,4.99278187419265,D Over L,445.944718892128,470.181683755637,897.154164113046,3440.52832050167,2430.51743047143,3182.38837903227,,,,,,,,
16,2434,gene-ACX60_12325_ACX60_12325,3.90881275090793e-05,0.999960911872491,4.73683868157093,4.86203983472652,D Over L,12.407627203218,15.2326679402474,20.8987658861608,116.870632724147,65.9442713693799,53.299805367779,,,,,,,,
17,1916,gene-ACX60_09715_ACX60_09715,0.0,1.0,4.73533977271969,4.75760855508935,D Over L,118.23738864243,96.473563621567,58.2179906828765,422.165346779061,360.338339982683,516.098115390446,,,,,,,,
18,696,gene-ACX60_03515_ACX60_03515,1.4632739464559599e-13,0.999999999999854,4.60376123570323,4.60928755263773,D Over L,521.850202958873,305.668870000965,233.61834722744,1543.16937494945,1295.33390189853,2052.69250428593,,,,,,,,
19,2581,gene-ACX60_13075_ACX60_13075,5.50515328230361e-05,0.999944948467177,4.54103177242629,4.55014299326819,D Over L,225.526870929079,166.543836146705,240.335807690849,877.722302907879,607.629357617858,1392.29491582662,,,,,,,,
20,942,gene-ACX60_04765_ACX60_04765,0.0,1.0,4.46092566125628,4.47467137842395,D Over L,163.48873491299,106.628675581732,139.573900739717,585.545721097512,614.694815264577,633.097688148985,,,,,,,,
21,2811,gene-ACX60_14230_ACX60_14230,0.0063109620118277,0.993689037988172,4.4181895875397,4.4232389356017,D Over L,413.100999824786,437.685325483109,250.78519063393,1007.71106787657,1275.31510523283,2589.59054372234,,,,,,,,
22,241,gene-ACX60_01225_ACX60_01225,0.0180028850669097,0.98199711493309,4.36926854116462,4.38871088840118,D Over L,116.047807371274,110.690720365798,55.2324526991393,307.679829008468,246.113441360722,683.797503011019,,,,,,,,
23,1369,gene-ACX60_06940_ACX60_06940,6.2807045120294406e-09,0.999999993719295,4.36393551288309,4.40955162085338,D Over L,32.8437190673417,27.4188022924454,59.7107596747452,162.187816841673,134.243695287666,232.699150264206,,,,,,,,
24,1420,gene-ACX60_07195_ACX60_07195,0.0361307135933133,0.963869286406687,4.28654743680144,4.30478031230875,D Over L,83.9339487276509,105.613164385715,103.74744493487,327.953306113678,224.917068420564,709.797408068472,,,,,,,,
25,2093,gene-ACX60_10615_ACX60_10615,1.62491147104316e-06,0.999998375088529,4.2786378714528,4.31876130423193,D Over L,64.2277172872459,39.6049366446433,29.1089953414383,230.163593017963,116.580051170868,227.499169252715,,,,,,,,
26,3474,gene-ACX60_17580_ACX60_17580,0.0317882809758729,0.968211719024127,4.17240410278385,4.17476745993615,D Over L,891.159577360537,655.004721430639,638.158744023839,4735.6457402815,3014.59526260023,1368.89500127491,,,,,,,,
27,1370,gene-ACX60_06945_ACX60_06945,5.95371878950868e-05,0.999940462812105,4.15283270725249,4.1915844324162,D Over L,54.009671355184,36.5584030565938,41.7975317723216,160.995259364896,124.823085092041,269.09901734464,,,,,,,,
28,1917,gene-ACX60_09720_ACX60_09720,1.0227160229803202e-09,0.999999998977284,3.97554211792784,3.98528354666936,D Over L,259.10045042014,165.528324950689,72.3992961056285,678.565204286118,502.825069191522,799.497080516685,,,,,,,,
29,1915,gene-ACX60_09710_ACX60_09710,0.0,1.0,3.94196496141124,3.9649941761875,D Over L,81.7443674564948,73.1168061131876,52.9932992113363,283.828679472928,241.403136262909,298.998908160712,,,,,,,,
30,1112,gene-ACX60_05645_ACX60_05645,0.0024971698631005,0.997502830136899,3.93311970808525,3.98520022127479,D Over L,37.9527420333726,33.5118694685443,20.1523813902265,98.9822705724918,77.7200341139121,188.499311666536,,,,,,,,
31,2546,gene-ACX60_12890_ACX60_12890,1.45843455230388e-05,0.999985415654477,3.85903505692084,4.03383848923783,D Over L,8.75832508462444,8.12408956813196,9.70299844714609,45.3171841175263,41.2151696058625,20.7999240459625,,,,,,,,
32,2714,gene-ACX60_13740_ACX60_13740,0.0,1.0,3.8452543916387,3.85392505829229,D Over L,197.792174827769,201.071216811266,135.095593764111,851.486038418785,612.339662715671,594.097830562805,,,,,,,,
33,1110,gene-ACX60_05635_ACX60_05635,9.40108268443485e-06,0.999990598917316,3.6442683209213,3.66117094300897,D Over L,102.910319744337,68.0392501331051,83.5950635446433,276.673334612266,223.739492146111,431.598423953723,,,,,,,,
34,1105,gene-ACX60_05610_ACX60_05610,1.11022302462516e-16,1.0,3.63316415124089,3.69702304961064,D Over L,36.4930211859352,11.1706231561814,19.4059968942922,82.2864658976136,81.2527629372717,84.4996914367228,,,,,,,,
35,3294,gene-ACX60_16665_rplL,0.0003287558592591,0.999671244140741,3.63005342608879,3.63039755386708,D Over L,4867.43916578003,5529.45846230981,2039.86882738848,11836.1329570118,11898.2306770753,21416.1217958242,,,,,,,,
36,1113,gene-ACX60_05650_ACX60_05650,0.0051982178175257,0.994801782182474,3.53190669901347,3.57902469013346,D Over L,35.0333003384978,31.4808470765113,20.8987658861608,89.4418107582757,63.5891188204735,159.899416103337,,,,,,,,
37,75,gene-ACX60_00375_ACX60_00375,0.0001014395465468,0.999898560453453,3.52252804189001,3.59393895798665,D Over L,19.706231440405,21.3257351163464,16.4204589105549,47.7022990710804,60.0563899971139,98.7996392183221,,,,,,,,
38,2715,gene-ACX60_13745_ACX60_13745,6.04145067528705e-06,0.999993958549325,3.48819559064114,3.49022684828718,D Over L,773.652049141826,600.167116845748,619.499131625481,2959.92765736054,2552.98536301457,1444.29472594152,,,,,,,,
39,558,gene-ACX60_02815_ACX60_02815,0.0001277211045116,0.999872278895488,3.48496047262933,3.49441315691275,D Over L,155.460270252084,179.74548169492,92.551677495855,436.476036500385,348.562577238151,709.797408068472,,,,,,,,
40,3130,gene-ACX60_15845_ACX60_15845,3.20011091625716e-07,0.999999679988908,3.46362683915782,3.46728846884853,D Over L,453.973183553033,272.157000532421,368.713940991551,1126.96681555427,984.453765442886,1684.79384772297,,,,,,,,
41,1431,gene-ACX60_07250_ACX60_07250,0.0,1.0,3.44527208068269,3.45412492160659,D Over L,158.379711946959,160.450768970606,130.617286788505,460.327186035926,535.797204876212,556.397968229498,,,,,,,,
42,1107,gene-ACX60_05620_ACX60_05620,3.44339201818755e-07,0.999999655660798,3.40935638623913,3.43678880489402,D Over L,53.2798109314653,39.6049366446433,50.0077612275991,133.566437399025,136.598847836573,220.999192988352,,,,,,,,
43,3473,gene-ACX60_17575_ACX60_17575,0.0077854018288242,0.992214598171176,3.35761173636422,3.35925236679472,D Over L,870.723485496413,685.470057311134,782.210951739162,3774.44441399923,2661.32238026426,1419.59481613694,,,,,,,,
44,834,gene-ACX60_04205_ACX60_04205,0.0,1.0,3.34138855427481,3.36959415432423,D Over L,50.3603692365905,54.8376045848907,29.8553798373726,132.373879922248,158.972797051184,163.799401861955,,,,,,,,
45,1104,gene-ACX60_05605_ACX60_05605,0.0022655341230157,0.997734465876984,3.32843039322491,3.35894718716731,D Over L,78.82492576162,38.5894254486268,6.71746046340883,164.572931795227,160.150373325637,92.2996629539588,,,,,,,,
46,147,gene-ACX60_00750_ACX60_00750,1.82114469051697e-05,0.999981788553095,3.32487646268408,3.35020574008733,D Over L,52.5499505077466,49.7600486048082,47.0222232438618,160.995259364896,111.869746073055,227.499169252715,,,,,,,,
47,441,gene-ACX60_02225_ACX60_02225,0.0016100789159143,0.998389921084086,3.28349755561712,3.2840407686825,D Over L,2326.79503081523,2541.82452362929,1971.94783825846,5825.64327405569,5710.06735482363,10929.0600909004,,,,,,,,
48,3295,gene-ACX60_16670_rplJ,0.0086520716626731,0.991347928337327,3.27490990524286,3.27535909290851,D Over L,2826.74942106254,3259.79093921295,2154.81203976237,6535.21497273801,7000.69095162435,13457.5508577378,,,,,,,,
49,1907,gene-ACX60_09670_ACX60_09670,0.0485316652533401,0.95146833474666,3.26185423542317,3.52940604730014,D Over L,4.37916254231222,7.10857837211546,2.23915348780294,11.9255747677701,10.5981864700789,25.9999050574532,,,,,,,,
50,3206,gene-ACX60_16225_ACX60_16225,2.21820652619442e-05,0.999977817934738,3.18781664182784,3.26075446365474,D Over L,18.9763710166863,22.3412463123629,7.46384495934315,48.8948565478574,40.0375933314093,70.1997436551236,,,,,,,,
51,430,gene-ACX60_02170_ACX60_02170,0.0030179533435867,0.996982046656413,3.16876087309196,3.16908273367987,D Over L,3598.21188893321,3835.5857873543,3531.14505026524,8467.15808511677,9406.47928033227,16875.23837754,,,,,,,,
52,2547,gene-ACX60_12895_ACX60_12895,0.00889329789413,0.99110670210587,3.14212654953284,3.14544220884587,D Over L,397.044070502975,294.498246844783,359.75732704034,1580.13865672954,1122.23018955391,604.497792585786,,,,,,,,
53,428,gene-ACX60_02160_ACX60_02160,0.0175940391172015,0.982405960882799,3.12619159152369,3.12708807553877,D Over L,1174.34542176339,1307.97842046925,1377.07939499881,2617.66366152554,3412.61604336541,6038.4779495935,,,,,,,,
54,1101,gene-ACX60_05590_ACX60_05590,2.58983767764676e-08,0.999999974101623,3.00186927691343,3.02739848554849,D Over L,67.8770194058394,36.5584030565938,23.1379193739638,143.106897213241,111.869746073055,131.299520540139,,,,,,,,
55,3336,gene-ACX60_16875_ACX60_16875,0.0425386305218529,0.957461369478147,2.97569102183038,2.98011297215381,D Over L,230.63589389511,250.831265416074,245.56049916239,574.812703806518,468.675357232379,1123.19589848198,,,,,,,,
56,3129,gene-ACX60_15840_ACX60_15840,0.0476850509949626,0.952314949005037,2.95825127885374,2.95963271959134,D Over L,987.501153291406,626.570407942177,692.644812227044,1760.21483572287,1617.98980109872,3448.88740587116,,,,,,,,
57,2983,gene-ACX60_15105_ACX60_15105,9.85100889749901e-13,0.999999999999015,2.92964816626531,2.93066088798545,D Over L,1190.40235108521,1352.66091309397,557.549218462933,2955.15742745343,2654.25692261754,3477.48730143436,,,,,,,,
58,435,gene-ACX60_02195_secY,0.0079289861413841,0.992071013858616,2.92864403388583,2.92873109695083,D Over L,11966.7915072919,12321.1973412681,11760.0341179411,26913.6371359035,27823.7722127805,50837.6143588382,,,,,,,,
59,431,gene-ACX60_02175_ACX60_02175,0.0078987427006878,0.992101257299312,2.92492057484723,2.9254962596215,D Over L,1781.58929429735,1889.8663357867,1769.67763986026,3861.50110980396,4285.20006273524,7771.37162167276,,,,,,,,
60,1204,gene-ACX60_06110_ACX60_06110,0.0,1.0,2.91351382903876,2.92740586644676,D Over L,71.5263215244329,66.0082277410721,86.5806015283805,187.23152385399,241.403136262909,227.499169252715,,,,,,,,
61,2597,gene-ACX60_13155_ACX60_13155,1.24418402446258e-05,0.999987558159755,2.9107925197486,2.91527992942322,D Over L,297.053192453512,310.746425981047,85.0878325365119,524.725289781884,672.396052712785,822.896995068393,,,,,,,,
62,286,gene-ACX60_01450_ACX60_01450,6.811846087195761e-09,0.999999993188154,2.89722758352231,2.90026428151049,D Over L,430.617649994035,341.211761861542,244.814114666455,900.380894966642,818.415510744983,1229.79550921754,,,,,,,,
63,1232,gene-ACX60_06250_ACX60_06250,0.0191684072408198,0.98083159275918,2.87106753697989,2.8724071057322,D Over L,537.177271856966,640.787564686408,1094.94605553564,1582.52377168309,1802.86927618787,3143.38852144609,,,,,,,,
64,940,gene-ACX60_04755_ACX60_04755,0.0,1.0,2.85291797541151,2.86157498144791,D Over L,132.104736693085,97.4890748175835,118.675134853556,330.338421067232,293.21649233885,373.098637574453,,,,,,,,
65,432,gene-ACX60_02180_ACX60_02180,0.0240263259154333,0.975973674084567,2.8438423196047,2.84408470007681,D Over L,3708.42081291473,4134.14607898315,4536.52496628876,8801.07417861433,9109.73005917006,17296.4368394707,,,,,,,,
66,440,gene-ACX60_02220_ACX60_02220,0.0442379202910212,0.955762079708979,2.83592447915483,2.83601980747845,D Over L,10716.5406014617,11166.5611113974,9456.69156348777,22071.8537801889,22905.0361143895,43903.4396800154,,,,,,,,
67,3335,gene-ACX60_16870_ACX60_16870,0.0079751966981452,0.992024803301855,2.82647061474542,2.82742007666547,D Over L,1388.92438633669,1000.27852807625,741.159804462774,2437.58748253221,2209.13309087423,4204.18464779018,,,,,,,,
68,364,gene-ACX60_01840_ACX60_01840,0.0026314878588622,0.997368512141138,2.82577585418414,2.82671235141453,D Over L,1301.34113549045,1191.19463292735,679.956275796161,3595.56079248268,3632.82280668816,1739.39364834362,,,,,,,,
69,255,gene-ACX60_01295_ACX60_01295,1.61018830602266e-07,0.999999838981169,2.80264312330778,2.81976101191645,D Over L,54.009671355184,56.8686269769237,60.4571441706795,138.336667306133,134.243695287666,210.599230965371,,,,,,,,
70,491,gene-ACX60_02475_ACX60_02475,0.0198856849771385,0.980114315022862,2.79375377061825,2.79818092650613,D Over L,294.133750758637,220.365929535579,144.798592211257,789.47304962638,739.517900356618,315.898846448056,,,,,,,,
71,1102,gene-ACX60_05595_ACX60_05595,2.29005703289431e-12,0.99999999999771,2.75687110178911,2.77403374934531,D Over L,81.7443674564948,35.5428918605773,49.2613767316648,163.38037431845,153.084915678918,145.599468321738,,,,,,,,
72,390,gene-ACX60_01970_ACX60_01970,0.0231604524292016,0.976839547570798,2.73397134113981,2.73420825712074,D Over L,3786.51587825263,3468.98624559235,4654.45371664639,7793.36311073776,9082.64580485764,15688.3427116672,,,,,,,,
73,3374,gene-ACX60_17080_ACX60_17080,0.0009032181250895,0.99909678187491,2.72222434025193,2.72259072353847,D Over L,2594.65380631999,2126.48044445854,2928.06637755032,9169.57443893842,7124.33646044194,4531.78345151409,,,,,,,,
74,363,gene-ACX60_01835_ACX60_01835,0.0037354742182306,0.996264525781769,2.71342871157261,2.71389313581304,D Over L,2439.19353606791,1947.75047395964,1616.66881819373,6320.55462691815,6786.37206967387,3186.28836479089,,,,,,,,
75,1913,gene-ACX60_09700_ACX60_09700,4.44089209850063e-16,1.0,2.70059089430886,2.70662453674928,D Over L,183.924826777113,138.109522658243,136.58836275598,373.270490231204,378.001984099481,490.098210332992,,,,,,,,
76,1600,gene-ACX60_08110_ACX60_08110,0.0,1.0,2.69660354698791,2.69856413307865,D Over L,494.845367281281,421.437146346845,491.867382820713,1187.7872468699,1257.65146111603,1354.59505349331,,,,,,,,
77,1368,gene-ACX60_06935_ACX60_06935,0.0163506049405002,0.9836493950595,2.69439119853826,2.70632353589761,D Over L,95.6117155071501,91.3960076414845,44.0366852601246,150.262242073903,169.570983521263,305.498884425075,,,,,,,,
78,843,gene-ACX60_04250_ACX60_04250,4.61411408827495e-05,0.999953858859117,2.65285778444181,2.65480013440603,D Over L,502.143971518468,477.290262127752,405.286781292333,949.275751514499,1079.8374436736,1647.09398538966,,,,,,,,
79,1115,gene-ACX60_05660_ACX60_05660,0.000569659880289,0.999430340119711,2.65166174170726,2.66781729256984,D Over L,53.2798109314653,54.8376045848907,58.2179906828765,126.411092538363,110.692169798602,206.699245206753,,,,,,,,
80,557,gene-ACX60_02810_ACX60_02810,0.0019600907807133,0.998039909219287,2.64346352927778,2.71522472937868,D Over L,11.6777667794993,9.13960076414845,16.4204589105549,25.0437070123172,30.6169831357835,45.4998338505431,,,,,,,,
81,2786,gene-ACX60_14105_gabD,0.0013353504510048,0.998664649548995,2.64122532436054,2.64930139317765,D Over L,145.242224320022,127.954410698078,57.4716061869422,381.618392568643,295.571644887757,198.899273689517,,,,,,,,
82,2386,gene-ACX60_12085_ACX60_12085,0.0197288778135107,0.980271122186489,2.63653062597628,2.64543996383395,D Over L,126.265853303336,121.861343521979,50.7541457235334,189.616638807544,220.206763322751,380.898609091689,,,,,,,,
83,361,gene-ACX60_01825_ACX60_01825,0.0055697659335574,0.994430234066443,2.60988875189697,2.6106466721004,D Over L,1378.70634040463,1072.37982299342,1005.37991602352,3767.28906913857,3509.17729787058,1747.19361986085,,,,,,,,
84,3185,gene-ACX60_16120_ACX60_16120,0.0001697567572798,0.99983024324272,2.57340579449117,2.60381638075457,D Over L,17.5166501692489,23.3567575083794,43.2903007641902,84.6715808511676,56.5236611737542,77.9997151723595,,,,,,,,
85,490,gene-ACX60_02470_ACX60_02470,4.66758580452975e-07,0.99999953324142,2.56828120771028,2.58599028137723,D Over L,65.6874381346833,50.7755598008247,27.6162263495696,134.758994875802,137.776424111026,100.099634471195,,,,,,,,
86,2638,gene-ACX60_13360_ACX60_13360,1.11022302462516e-16,1.0,2.5678761123338,2.56870845761853,D Over L,1030.56291829081,909.898031630779,1124.80143537301,3021.94064615294,2185.58156538516,2666.29026364182,,,,,,,,
87,1946,gene-ACX60_09870_ACX60_09870,0.0434469578098065,0.956553042190194,2.56513763845686,2.57289569613042,D Over L,137.943620082835,123.892365914012,66.428220138154,418.58767434873,228.449797243923,197.599278436644,,,,,,,,
88,1413,gene-ACX60_07160_ACX60_07160,0.0495466170977031,0.950453382902297,2.54948702133825,2.55152556750545,D Over L,460.541927366502,326.994605117311,449.323466552457,892.032992629203,719.499103690913,1544.39436041272,,,,,,,,
89,439,gene-ACX60_02215_ACX60_02215,0.0276437485500514,0.972356251449949,2.54679550644957,2.54690474964828,D Over L,7520.48180599752,8224.62517653759,7295.90844775793,14903.3907872823,15668.8299078745,28111.0973481184,,,,,,,,
90,362,gene-ACX60_01830_astD,0.030640767545316,0.969359232454684,2.54668534990384,2.54703230988551,D Over L,2903.384765553,2326.53615007379,2024.19475297386,7317.53267750373,7767.29310629339,3391.68761474477,,,,,,,,
91,1908,gene-ACX60_09675_ACX60_09675,7.21576132178825e-11,0.999999999927842,2.54243290854694,2.5490764277282,D Over L,124.07627203218,120.845832325963,132.856440276308,300.524484147806,267.309814300879,395.198556873288,,,,,,,,
92,81,gene-ACX60_00405_ACX60_00405,1.16286732961823e-05,0.999988371326704,2.53662117793116,2.54502154030516,D Over L,105.099901015493,73.1168061131876,119.42151934949,296.946811717475,283.795882143224,176.799354390682,,,,,,,,
93,1108,gene-ACX60_05625_ACX60_05625,1.88737914186277e-15,0.999999999999998,2.50641746233888,2.51137877565653,D Over L,159.109572370677,165.528324950689,169.429280577089,375.655605184758,368.581373903856,496.598186597356,,,,,,,,
94,425,gene-ACX60_02145_ACX60_02145,0.0336174693643706,0.966382530635629,2.5027759920425,2.50309320408989,D Over L,2307.08879937482,2832.26072569,2569.80181950185,4535.29608418297,5476.90725248189,9284.56609601653,,,,,,,,
95,2243,gene-ACX60_11365_ACX60_11365,1.67716184162892e-07,0.999999832283816,2.49812598296916,2.5026882999061,D Over L,219.68798753933,181.776504086953,132.856440276308,540.228536979985,448.656560566674,348.398727769873,,,,,,,,
96,1166,gene-ACX60_05920_ACX60_05920,0.0039500809880407,0.996049919011959,2.49290014168137,2.49310026578916,D Over L,4505.42839561556,4764.77853170939,2869.10200237151,8037.83739347704,8409.0721758704,13817.6495427835,,,,,,,,
97,2088,gene-ACX60_10590_ACX60_10590,5.0787981598077206e-09,0.999999994921202,2.48527805179499,2.48941712772792,D Over L,270.04835677592,192.947127243134,120.914288341359,541.421094456762,466.320204683472,445.898371735322,,,,,,,,
98,1067,gene-ACX60_05410_ACX60_05410,0.0029701569489306,0.997029843051069,2.48524039521501,2.4927446039123,D Over L,89.0429716936818,93.4270300335175,139.573900739717,248.051955169618,190.767356461421,363.998670804344,,,,,,,,
99,499,gene-ACX60_02515_ACX60_02515,7.022035508619241e-09,0.999999992977964,2.48514574140522,2.49637146397605,D Over L,81.7443674564948,70.0702725251381,63.4426821544168,149.069684597126,166.038254697903,222.299188241225,,,,,,,,
100,263,gene-ACX60_01335_ACX60_01335,0.0319988232028727,0.968001176797127,2.4723939882639,2.47257526247389,D Over L,3582.88482003511,3110.51079339852,6524.14687896184,14178.3158414019,11026.8242339799,7476.27269927066,,,,,,,,
101,1109,gene-ACX60_05630_ACX60_05630,0.0002314153754252,0.999768584624575,2.46178460773921,2.48241197352482,D Over L,34.3034399147791,43.6669814287093,37.3192247967157,93.0194831886067,67.1218476438332,126.099539528648,,,,,,,,
102,1301,gene-ACX60_06600_ACX60_06600,0.0,1.0,2.4348161413149,2.43723696824106,D Over L,324.787888554823,323.948071529262,315.720641780215,875.337187954325,739.517900356618,735.797313125925,,,,,,,,
103,3287,gene-ACX60_16630_ACX60_16630,0.0003806588371721,0.999619341162828,2.42412949309268,2.42662879401713,D Over L,403.612814316443,280.281090100553,243.321345674587,651.136382320247,613.517238990124,985.396401677476,,,,,,,,
104,335,gene-ACX60_01695_ACX60_01695,0.0,1.0,2.3980920763411,2.40466621483809,D Over L,145.242224320022,112.721742757831,88.0733705202491,298.139369194252,277.908000770958,256.099064815914,,,,,,,,
105,2663,gene-ACX60_13485_ACX60_13485,1.02884762616107e-05,0.999989711523738,2.37860326483508,2.39251956738449,D Over L,56.9291130500589,49.7600486048082,54.486068203205,121.640862631255,98.9164070540699,165.099397114828,,,,,,,,
106,3217,gene-ACX60_16280_ACX60_16280,1.02273694069233e-07,0.999999897726306,2.37322756548985,2.38461786474985,D Over L,69.3367402532768,58.8996493689567,67.9209891300226,157.417586934565,153.084915678918,157.299425597592,,,,,,,,
107,3337,gene-ACX60_16880_ACX60_16880,0.0014299062262802,0.99857009377372,2.36035196983447,2.36620106290769,D Over L,105.829761439212,133.031966678161,139.573900739717,254.014742553503,231.982526067283,409.498504654888,,,,,,,,
108,1482,gene-ACX60_07515_ACX60_07515,0.027927804528913,0.972072195471087,2.36032030500397,2.39373744331013,D Over L,21.8958127115611,26.4032910964289,17.9132279024236,46.5097415943034,35.3272882335964,76.6997199194869,,,,,,,,
109,3725,gene-ACX60_RS18910_ACX60_RS18910,2.23909779920595e-05,0.999977609022008,2.3584507835374,2.36597807432116,D Over L,143.052643048866,78.1943620932701,72.3992961056285,273.095662181935,220.206763322751,201.499264195262,A1S_3510,(),hypothetical protein,WP_000064102.1,WP_000064102.1,127729,128520,NZ_CP012005.1
110,2902,gene-ACX60_14690_ACX60_14690,8.44879721739744e-14,0.999999999999916,2.35721732811456,2.36981488198595,D Over L,64.2277172872459,67.0237389370887,44.0366852601246,143.106897213241,118.935203719775,153.399439838974,,,,,,,,
111,1116,gene-ACX60_05665_ACX60_05665,0.0078065471305091,0.992193452869491,2.32454762514786,2.33592694576159,D Over L,74.4457632193077,61.9461829570062,52.9932992113363,110.907845340262,124.823085092041,206.699245206753,,,,,,,,
112,3535,gene-ACX60_17885_ACX60_17885,5.7716054158163394e-11,0.999999999942284,2.31762541022686,2.32235714232332,D Over L,175.896362116208,164.512813754672,112.704058886082,300.524484147806,346.207424689245,405.59851889627,,,,,,,,
113,2381,gene-ACX60_12060_ACX60_12060,0.0039917370938392,0.996008262906161,2.31529695187299,2.32314816959559,D Over L,105.829761439212,102.566630797666,64.1890666503511,160.995259364896,183.701898814701,288.59894613773,,,,,,,,
114,1119,gene-ACX60_05680_ACX60_05680,8.20308464599684e-07,0.999999179691535,2.28916213633164,2.3071445200196,D Over L,54.009671355184,33.5118694685443,29.1089953414383,102.559943002823,85.9630680350846,80.5997056781049,,,,,,,,
115,2787,gene-ACX60_14110_ACX60_14110,0.0157283517925045,0.984271648207495,2.27511984258016,2.28027567133151,D Over L,196.332453980331,141.156056246293,64.9354511462854,368.500260324096,332.076509395806,217.099207229734,,,,,,,,
116,3418,gene-ACX60_17300_ACX60_17300,1.61156310518606e-10,0.999999999838844,2.26895275907488,2.26936153054938,D Over L,1993.24881717578,2032.03790322901,1026.27868190968,3651.6109938912,3745.87012903567,4066.38515098568,,,,,,,,
117,3594,gene-ACX60_18185_ACX60_18185,0.0002009147531129,0.999799085246887,2.26788009182442,2.27314457673979,D Over L,143.782503472585,139.12503385426,108.97213640641,226.585920587632,275.552848222052,388.698580608925,,,,,,,,
118,2087,gene-ACX60_10585_ACX60_10585,1.57521334642752e-07,0.999999842478665,2.26364503917062,2.26729368057106,D Over L,253.26156703039,151.311168206458,158.979897634009,494.911352862459,385.067441746201,397.798547379034,,,,,,,,
119,3681,gene-ACX60_RS18665_trbK,0.0162855397539273,0.983714460246073,2.26247230547728,2.27717098284539,D Over L,71.5263215244329,51.7910709968412,16.4204589105549,101.367385526046,127.178237640947,89.6996724482135,,trbK,entry exclusion lipoprotein TrbK,WP_000718002.1,WP_000718002.1,86460,86696,NZ_CP012005.1
120,3434,gene-ACX60_17380_ACX60_17380,1.54848741026337e-05,0.999984515125897,2.23506770205804,2.23562753848052,D Over L,1236.38355777948,1316.10251003738,1037.4744493487,2609.3157591881,2056.04817519531,3360.48772867582,,,,,,,,
121,2049,gene-ACX60_10395_ACX60_10395,0.011448269179961,0.988551730820039,2.21650815361025,2.2272160887783,D Over L,56.1992526263402,62.9616941530227,65.6818356422197,107.330172909931,110.692169798602,193.699292678026,,,,,,,,
122,2662,gene-ACX60_13480_ACX60_13480,0.0072584022934677,0.992741597706532,2.21617147887464,2.21749410208245,D Over L,570.020990924307,633.678986314293,292.582722406251,931.387389362844,926.752527994679,1459.894668976,,,,,,,,
123,348,gene-ACX60_01760_ACX60_01760,0.0001128075883235,0.999887192411676,2.20603451056269,2.20676289955692,D Over L,1092.6010543069,1168.85338661499,432.903007641903,1750.67437590865,2012.47785304054,2182.69202957319,,,,,,,,
124,3331,gene-ACX60_16850_ACX60_16850,0.0001258068439881,0.999874193156012,2.19717147954759,2.19957843598714,D Over L,293.403890334919,245.753709435992,270.191187528222,473.445318280473,534.619628601759,772.197180206359,,,,,,,,
125,2559,gene-ACX60_12955_ACX60_12955,1.50990331349021e-14,0.999999999999985,2.1969632845391,2.20414344726547,D Over L,88.3131112699631,90.380496445468,92.551677495855,180.076178993328,182.524322540248,235.299140769951,,,,,,,,
126,2742,gene-ACX60_13885_ACX60_13885,0.0002788675502041,0.999721132449796,2.19263897040443,2.19634850209809,D Over L,169.327618302739,163.497302558656,190.32804646325,313.642616392353,329.7213568469,505.698153367464,,,,,,,,
127,437,gene-ACX60_02205_ACX60_02205,0.042829069869461,0.957170930130539,2.18836769382174,2.18861617478847,D Over L,2446.49214030509,2752.0353412047,2583.9831249246,4368.33803743419,4676.15538585371,7988.47082890249,,,,,,,,
128,782,gene-ACX60_03945_ACX60_03945,0.0002336612477931,0.999766338752207,2.17882315607508,2.18024582158619,D Over L,440.835695926097,405.188967210581,502.316765763794,857.44882580267,803.107019177092,1279.1953288267,,,,,,,,
129,2198,gene-ACX60_11140_ACX60_11140,0.0015874483819408,0.998412551618059,2.16825834788721,2.20065346785992,D Over L,23.3555335589985,23.3567575083794,11.942151934949,35.7767243033103,40.0375933314093,53.299805367779,,,,,,,,
130,3163,gene-ACX60_16010_ACX60_16010,1.12464522539213e-06,0.999998875354775,2.13880483538839,2.15103035338482,D Over L,49.6305088128718,57.8841381729402,44.0366852601246,113.292960293816,129.533390189853,83.1996961838502,,,,,,,,
131,740,gene-ACX60_03735_ACX60_03735,0.0200259697713303,0.97997403022867,2.13744910577533,2.14811412220125,D Over L,48.1707879654344,47.7290262127752,77.6239875771687,108.522730386708,96.5612545051635,167.699387620573,,,,,,,,
132,2500,gene-ACX60_12660_ACX60_12660,4.57364479622413e-10,0.999999999542636,2.12402225642222,2.12774428263501,D Over L,170.057478726458,156.38872418654,164.950973601484,304.102156578137,320.300746651274,421.198461930742,,,,,,,,
133,3584,gene-ACX60_18130_ACX60_18130,0.0,1.0,2.1220476836477,2.12711730131006,D Over L,132.834597116804,94.442541229534,132.856440276308,239.704052832179,263.77708547752,262.599041080277,,,,,,,,
134,2844,gene-ACX60_14395_ACX60_14395,2.98538971321705e-13,0.999999999999701,2.10993907510545,2.11228889490802,D Over L,226.256731352798,235.598597475827,306.764027829003,512.799715014114,494.58203527035,616.19774986164,,,,,,,,
135,1257,gene-ACX60_06380_ACX60_06380,3.68928912974908e-08,0.999999963107109,2.09585655758173,2.10419747096912,D Over L,85.3936695750883,61.9461829570062,66.428220138154,172.920834132666,124.823085092041,152.099444586101,,,,,,,,
136,556,gene-ACX60_02805_ACX60_02805,0.0011460100099645,0.998853989990035,2.09584160593596,2.09741079428104,D Over L,400.693372621568,410.266523190664,325.423640227361,731.037733264307,611.162086441218,1041.296197551,,,,,,,,
137,578,gene-ACX60_02915_ACX60_02915,0.0014371294151466,0.998562870584853,2.09424831888406,2.10215058331483,D Over L,85.3936695750883,91.3960076414845,48.5149922357305,156.225029457788,197.83281410814,119.599563264285,,,,,,,,
138,291,gene-ACX60_01475_ACX60_01475,4.18176604455311e-12,0.999999999995818,2.0707643864789,2.07825851421961,D Over L,83.2040883039322,61.9461829570062,87.3269860243148,182.461293946882,146.019458032198,154.699435091846,,,,,,,,
139,359,gene-ACX60_01815_ACX60_01815,6.76764429109467e-05,0.999932323557089,2.06218808633952,2.0622648389701,D Over L,6423.50158914831,5734.59172390515,10362.0559570561,16422.7090126962,16653.2836733173,13366.5511900367,,,,,,,,
140,370,gene-ACX60_01870_ACX60_01870,0.0035549555620532,0.996445044437947,2.05596447491656,2.07199970057137,D Over L,27.7346961013107,26.4032910964289,52.9932992113363,85.8641383279447,65.9442713693799,70.1997436551236,,,,,,,,
141,695,gene-ACX60_03510_ACX60_03510,1.92800496782164e-05,0.999980719950322,2.04208479066974,2.04922863921186,D Over L,104.370040591775,68.0392501331051,64.9354511462854,134.758994875802,181.346746265795,170.299378126318,,,,,,,,
142,1125,gene-ACX60_05715_ACX60_05715,0.0097865848700322,0.990213415129968,2.04096281647828,2.04329524866102,D Over L,250.342125335515,257.93984378819,217.94427281282,393.543967336413,415.684424881984,674.69753624091,,,,,,,,
143,3570,gene-ACX60_18060_ACX60_18060,0.0015158333135076,0.998484166686492,2.02880152173102,2.02987799945483,D Over L,580.239036856369,679.376990135035,295.568260389989,925.424601978959,969.145273874995,1262.29539053935,,,,,,,,
144,2400,gene-ACX60_12155_ACX60_12155,0.0118831252941525,0.988116874705848,2.02614182001375,2.04338548197454,D Over L,45.9812066942783,28.4343134884619,22.3915348780294,79.9013509440596,65.9442713693799,51.9998101149064,,,,,,,,
145,3501,gene-ACX60_17715_ACX60_17715,7.771561172376101e-16,0.999999999999999,2.02316111634464,2.02337859946752,D Over L,2528.96636818531,2285.91570223313,2840.739391526,5565.6657441183,4447.70558860979,5476.88000035251,,,,,,,,
146,1914,gene-ACX60_09705_ACX60_09705,4.773959005888171e-15,0.999999999999995,2.01576629851567,2.01832761979261,D Over L,232.825475166266,235.598597475827,176.893125536433,393.543967336413,422.749882528704,486.198224574374,,,,,,,,
147,2347,gene-ACX60_11890_ACX60_11890,1.51934020919953e-12,0.999999999998481,2.00841624805782,2.01148314062794,D Over L,213.119243725861,172.636903322804,149.276899186863,385.196064998974,317.945594102368,373.098637574453,,,,,,,,
148,588,gene-ACX60_02975_ACX60_02975,1.02533060752918e-06,0.999998974669392,-2.0045787302085856,-2.00494528521499,D Over L,3089.49917360127,3259.79093921295,2592.19335437988,1728.01578384989,1696.88741148708,1034.79622128664,,,,,,,,
149,3445,gene-ACX60_17435_ACX60_17435,0.0002634616479478,0.999736538352052,-2.011009693535289,-2.014241941634395,D Over L,315.29970304648,377.770164918136,332.14110069077,220.623133203747,202.543119205953,85.7996866895955,,,,,,,,
150,550,gene-ACX60_02775_ACX60_02775,0.0008884348978398,0.99911156510216,-2.0186345451920573,-2.022027476884188,D Over L,357.631607622165,372.692608938054,257.502651097339,175.30594908622,188.412203912514,124.799544275775,,,,,,,,
151,2627,gene-ACX60_13305_ACX60_13305,0.000583267996578,0.999416732003422,-2.0207426443468943,-2.0293143933428293,D Over L,131.374876269367,154.357701794507,107.479367414541,64.3981037459585,81.2527629372717,48.0998243562884,,,,,,,,
152,2411,gene-ACX60_12210_ACX60_12210,0.0,1.0,-2.027506793560085,-2.031181774670569,D Over L,311.650400927886,319.886026745196,292.582722406251,166.958046748781,168.393407246809,119.599563264285,,,,,,,,
153,2736,gene-ACX60_13855_ACX60_13855,1.39612002736378e-07,0.999999860387997,-2.0352545294917816,-2.0357791390403377,D Over L,1855.30519709294,2261.54343352873,2420.52492031498,901.573452443419,1042.15500289109,1267.49537155084,,,,,,,,
154,645,gene-ACX60_03260_ACX60_03260,1.91764943924255e-08,0.999999980823506,-2.045028870067899,-2.0450823536739846,D Over L,18935.498832958,25014.0717802783,21075.6590116972,10327.5477488889,11665.0705747335,9803.26420191272,,,,,,,,
155,347,gene-ACX60_01755_ACX60_01755,2.37652556633883e-07,0.999999762347443,-2.045970334951229,-2.056499033903916,D Over L,114.588086523836,106.628675581732,111.211289894213,71.5534486066205,58.8788137226607,31.1998860689438,,,,,,,,
156,3404,gene-ACX60_17230_ACX60_17230,0.0057948777777032,0.994205122222297,-2.0580321221088935,-2.0666097216706656,D Over L,116.777667794993,121.861343521979,176.146741040498,70.3608911298435,71.832152741646,58.4997863792697,,,,,,,,
157,1579,gene-ACX60_08005_ACX60_08005,2.63424641433474e-07,0.999999736575359,-2.063153903140545,-2.0753244808568083,D Over L,99.2610176257437,107.644186777748,88.0733705202491,63.2055462691815,41.2151696058625,37.6998623333071,,,,,,,,
158,3195,gene-ACX60_16170_ACX60_16170,0.0001595383844575,0.999840461615542,-2.0632164938246436,-2.080351454247764,D Over L,70.0666006769955,69.0547613291216,70.9065271137599,34.5841668265333,49.458203527035,16.8999382873446,,,,,,,,
159,2426,gene-ACX60_12285_ACX60_12285,2.38548501635405e-05,0.999976145149836,-2.07734720176901,-2.081284010148875,D Over L,298.51291330095,340.196250665526,288.104415430645,188.424081330767,180.169169991342,76.6997199194869,,,,,,,,
160,1012,gene-ACX60_05135_ACX60_05135,0.0013536719330308,0.998646328066969,-2.0821391688491895,-2.0838419051090824,D Over L,707.234750583424,737.261128307975,710.558040129468,490.141122955351,419.217153705344,124.799544275775,,,,,,,,
161,1014,gene-ACX60_05145_ACX60_05145,0.0053747291970666,0.994625270802933,-2.0911003732813986,-2.0942772238789917,D Over L,422.589185333129,397.064877642449,350.800713089128,279.05844956582,209.608576852672,70.1997436551236,,,,,,,,
162,859,gene-ACX60_04335_ACX60_04335,4.62536227874288e-07,0.999999537463772,-2.1112199176337496,-2.1118940760400764,D Over L,1871.36212641476,2107.18573173423,1686.08257631562,974.319458526816,1128.11807092618,579.797882781206,,,,,,,,
163,3714,gene-ACX60_RS18850_ACX60_RS18850,7.3657731370913e-06,0.999992634226863,-2.1179990788261693,-2.1186344858999635,D Over L,2097.1371498879,2335.30001169541,1633.62667394135,973.317710246324,1023.84369182335,866.017837606179,A1S_0207,(),Tn7 transposase TnsA N-terminal domain-containing protein,WP_000736393.1,ACX60_RS18850,<118993,119418,NZ_CP012005.1
164,1033,gene-ACX60_05240_ACX60_05240,6.46283027094796e-12,0.999999999993537,-2.118341589320046,-2.1251957513808217,D Over L,186.844268471988,184.823037675002,192.567199951053,101.367385526046,109.514593524149,54.5998006206517,,,,,,,,
165,3112,gene-ACX60_15755_ACX60_15755,0.0002979517329018,0.999702048267098,-2.12094430503315,-2.121516570917853,D Over L,1810.05385082238,2298.10183658533,2654.14326754242,1076.87940152964,1218.79144405908,891.796743470644,,,,,,,,
166,3291,gene-ACX60_16650_ACX60_16650,0.003461628892446,0.996538371107554,-2.1262017920171217,-2.1314246695420733,D Over L,226.256731352798,292.46722445275,229.140040251835,119.255747677701,173.103712344622,58.4997863792697,,,,,,,,
167,2129,gene-ACX60_10795_ACX60_10795,0.0004776963001241,0.999522303699876,-2.128239548593518,-2.1289988905959443,D Over L,1807.13440912751,1806.59441771334,1533.82013914502,1063.76126928509,1005.65013838304,348.398727769873,,,,,,,,
168,1414,gene-ACX60_07165_ACX60_07165,0.0003120199452786,0.999687980054721,-2.132557314156279,-2.134422865426796,D Over L,794.088141005949,763.664419404404,550.831757999524,350.611898172441,385.067441746201,252.199079057296,,,,,,,,
169,1446,gene-ACX60_07325_ACX60_07325,0.0016244702707893,0.998375529729211,-2.152294112313904,-2.154519872073141,D Over L,503.603692365905,574.779336945336,736.681497487169,320.797961253015,334.431661944713,187.199316413663,,,,,,,,
170,3482,gene-ACX60_17620_ACX60_17620,3.46801802977303e-05,0.999965319819702,-2.158177953070182,-2.159576242286315,D Over L,910.865808800942,1060.19368864122,939.698080381302,566.464801469079,574.657221933168,206.699245206753,,,,,,,,
171,1285,gene-ACX60_06520_ACX60_06520,0.015997924910518,0.984002075089482,-2.1600125794411977,-2.16916052451625,D Over L,158.379711946959,178.729970498903,110.464905398279,72.7460060833976,90.6733731328974,42.8998433447977,,,,,,,,
172,2984,gene-ACX60_15110_ihfA,0.0041353837869675,0.995864616213032,-2.161042147644773,-2.1617057909743496,D Over L,1808.59412997495,2343.79984040607,2001.80321809583,1042.29523470311,1386.00727503143,418.598471424996,,,,,,,,
173,2304,gene-ACX60_11670_ACX60_11670,0.0014370091813337,0.998562990818666,-2.1655924872817836,-2.1668437530629205,D Over L,1063.40663735815,1340.47477874177,880.733705202491,585.545721097512,567.591764286449,362.698675551472,,,,,,,,
174,828,gene-ACX60_04175_ACX60_04175,0.0006731380529041,0.999326861947096,-2.1694666973710697,-2.17093745705161,D Over L,925.463017275316,1052.06959907309,831.472328470827,624.900117831153,467.497780957926,201.499264195262,,,,,,,,
175,3396,gene-ACX60_17190_ACX60_17190,3.88578058618805e-15,0.999999999999996,-2.1745143105758946,-2.1751202078627334,D Over L,2069.15430124252,2327.55166126981,2464.56160557511,1131.73704546138,1214.08113896126,808.597047286794,,,,,,,,
176,250,gene-ACX60_01270_ACX60_01270,0.0001770125685791,0.999822987431421,-2.181373125630183,-2.1831099468616357,D Over L,654.684800075677,831.703669537509,929.995081934156,378.040720138312,467.497780957926,261.299045827404,,,,,,,,
177,2395,gene-ACX60_12130_ACX60_12130,0.030757360175331,0.969242639824669,-2.1830167631497277,-2.2012833667389793,D Over L,56.1992526263402,80.2253844853031,95.5372154795923,46.5097415943034,34.1497119591432,24.6999098045805,,,,,,,,
178,2396,gene-ACX60_12135_ACX60_12135,1.64206426234159e-11,0.999999999983579,-2.1863085869223577,-2.1967903033841334,D Over L,124.07627203218,128.969921894095,151.516052674666,75.1311210369516,51.8133560759414,57.199791126397,,,,,,,,
179,899,gene-ACX60_04535_ACX60_04535,0.0,1.0,-2.202682682390759,-2.203036176929344,D Over L,4059.48367672343,4395.13245635939,3742.37186261465,2016.61469322992,2031.31907343179,1488.49456453919,,,,,,,,
180,3326,gene-ACX60_16825_ACX60_16825,0.000657307249486,0.999342692750514,-2.204820986931455,-2.212048656233349,D Over L,167.867897455302,185.838548871019,246.306883658324,106.137615433154,100.093983328523,64.9997626436329,,,,,,,,
181,1948,gene-ACX60_09880_ACX60_09880,0.0045306985008697,0.99546930149913,-2.2102089491249584,-2.211749662179197,D Over L,1008.66710557925,1090.65902452172,727.724883535957,444.823938837824,574.657221933168,258.699055321659,,,,,,,,
182,2123,gene-ACX60_10765_ACX60_10765,0.0129148104477567,0.987085189552243,-2.2108155146544433,-2.2121249743062803,D Over L,974.363665664469,924.11518837501,1430.07269421015,540.228536979985,601.741476245592,362.698675551472,,,,,,,,
183,2308,gene-ACX60_11690_ACX60_11690,5.24119130285161e-06,0.999994758808697,-2.2270497309154407,-2.2282486541281368,D Over L,1283.8244853212,1402.42096169878,1024.78591291781,659.484284657686,627.648154283563,378.298618585944,,,,,,,,
184,1969,gene-ACX60_09985_ACX60_09985,0.0114611183374733,0.988538881662527,-2.228583775116993,-2.2695925692122065,D Over L,32.1138586436229,31.4808470765113,47.0222232438618,11.9255747677701,21.1963729401578,15.5999430344719,,,,,,,,
185,1269,gene-ACX60_06440_ACX60_06440,0.0205235466722661,0.979476453327734,-2.2293232069676248,-2.272873511452778,D Over L,28.4645565250294,38.5894254486268,37.3192247967157,23.8511495355402,12.9533390189853,9.09996677010861,,,,,,,,
186,3416,gene-ACX60_17290_ACX60_17290,1.43469848179478e-06,0.999998565301518,-2.231439468682293,-2.2318185802923987,D Over L,3966.06154248743,4387.00836679126,3443.81806424093,1872.3152385399,2329.24587086846,1084.1960408958,,,,,,,,
187,957,gene-ACX60_04855_ACX60_04855,0.0006986514695962,0.999301348530404,-2.2442839041520033,-2.2446624392053454,D Over L,4325.88273138076,4640.88616579538,3040.02405194046,1736.36368618733,2076.06697186102,1536.59438889548,,,,,,,,
188,2933,gene-ACX60_14845_ACX60_14845,1.59393815146736e-07,0.999999840606185,-2.253298782490385,-2.256428572164832,D Over L,437.916254231222,468.150661363604,564.266678926342,243.28172526251,261.421932928613,146.89946357461,,,,,,,,
189,350,gene-ACX60_01770_ACX60_01770,6.98748858651843e-06,0.999993012511413,-2.254388812043546,-2.255589341796117,D Over L,1289.66336871095,1468.42918943985,1077.03282763322,633.248020168592,703.013035848568,363.998670804344,,,,,,,,
190,1428,gene-ACX60_07235_ACX60_07235,0.0385528749161191,0.961447125083881,-2.2573083044750075,-2.2658381295824324,D Over L,189.763710166863,219.350418339563,134.349209268177,100.174828049269,107.159440975242,32.4998813218165,,,,,,,,
191,367,gene-ACX60_01855_ACX60_01855,3.82005118210182e-05,0.999961799488179,-2.2619092185459624,-2.2663851556429706,D Over L,296.323332029794,349.335851429674,394.091013853318,180.076178993328,195.477661559233,83.1996961838502,,,,,,,,
192,2017,gene-ACX60_10235_ACX60_10235,3.76183407768682e-06,0.999996238165922,-2.265362656936025,-2.2657809963137705,D Over L,3350.05934486885,4279.36418001351,3522.93482080997,1865.15989367924,2094.90819225227,961.996487125768,,,,,,,,
193,2626,gene-ACX60_13300_ACX60_13300,1.65129243612228e-10,0.999999999834871,-2.2857904119428936,-2.3007164417601897,D Over L,102.910319744337,118.81480993393,100.761906951132,48.8948565478574,60.0563899971139,31.1998860689438,,,,,,,,
194,1641,gene-ACX60_08315_ACX60_08315,0.0124933666417165,0.987506633358283,-2.2880329694216917,-2.3149310139605155,D Over L,51.0902296603092,56.8686269769237,72.3992961056285,39.3543967336413,29.4394068613303,9.09996677010861,,,,,,,,
195,2624,gene-ACX60_13290_ACX60_13290,1.35272301302614e-05,0.99998647276987,-2.300207088614071,-2.308397951988526,D Over L,175.166501692489,242.707175847942,178.385894528301,87.0566958047217,103.626712151883,67.5997531493783,,,,,,,,
196,1956,gene-ACX60_09920_ACX60_09920,1.23356880266101e-12,0.999999999998766,-2.304884933493453,-2.314919566756344,D Over L,147.431805591178,176.69894810687,165.697358097418,77.5162359905056,85.9630680350846,48.0998243562884,,,,,,,,
197,904,gene-ACX60_04560_ACX60_04560,0.0,1.0,-2.329428249762411,-2.331864374895961,D Over L,639.357731177584,773.819531364569,657.564740918131,332.723536020786,310.880136455648,244.39910754006,,,,,,,,
198,3177,gene-ACX60_16080_ACX60_16080,0.0286210122458104,0.97137898775419,-2.329905195656269,-2.3315228089761693,D Over L,1147.3405860858,1238.92365914012,732.949575007497,550.961554270978,521.666289582774,265.199031586022,,,,,,,,
199,1709,gene-ACX60_08655_ACX60_08655,1.0382060547931e-06,0.999998961793945,-2.336321744410604,-2.34314364175526,D Over L,216.768545844455,282.312112492586,247.799652650192,98.9822705724918,149.552186855558,70.1997436551236,,,,,,,,
200,410,gene-ACX60_02070_ACX60_02070,3.96456312223847e-10,0.999999999603544,-2.3499900190198053,-2.35189626602045,D Over L,922.543575580441,980.983815351934,806.841640104994,411.432329488068,500.469916642616,240.499121781442,,,,,,,,
201,1951,gene-ACX60_09895_ACX60_09895,0.0428625398265249,0.957137460173475,-2.3543790334399186,-2.355499039905095,D Over L,1545.84437743621,1951.8125187437,1137.4899718039,757.273997753401,860.808256625299,349.698723022745,,,,,,,,
202,1558,gene-ACX60_07900_glnG,1.0946799022803999e-13,0.999999999999891,-2.3761146385006167,-2.3770910031753907,D Over L,1692.54632260367,2091.95306379398,1667.42296391726,717.91960101976,887.892510937723,687.697488769637,,,,,,,,
203,2758,gene-ACX60_13965_ACX60_13965,0.0316478178980619,0.968352182101938,-2.3828153827218896,-2.3828862216269093,D Over L,25751.665330067,30176.9307008262,19765.0078368366,11530.8382429569,15403.8752461225,4830.7823596748,,,,,,,,
204,2016,gene-ACX60_10230_ACX60_10230,1.55147942126899e-06,0.999998448520579,-2.384963805878121,-2.3854100562579785,D Over L,3929.5685213015,4520.04033346942,3597.5732704034,2015.42213575315,2193.82459930634,841.09692860861,,,,,,,,
205,1258,gene-ACX60_06385_ACX60_06385,2.31368393333042e-08,0.999999976863161,-2.4098314373495406,-2.417081297721486,D Over L,228.446312623954,260.986377376239,275.415878999762,125.218535061586,136.598847836573,54.5998006206517,,,,,,,,
206,2248,gene-ACX60_11390_ACX60_11390,1.32572530731068e-09,0.999999998674275,-2.410209167182448,-2.413413099351831,D Over L,564.911967958276,611.33774000193,552.324526991393,287.406351903259,314.412865279008,114.399582252794,,,,,,,,
207,272,gene-ACX60_01380_ACX60_01380,0.0387280824917198,0.96127191750828,-2.413910653820319,-2.416358220741503,D Over L,603.594570415368,643.834098274458,1024.03952842188,316.027731345907,362.69349253159,261.299045827404,,,,,,,,
208,2755,gene-ACX60_13950_ACX60_13950,0.0358405787612447,0.964159421238755,-2.414217768773177,-2.4151292795494057,D Over L,1617.37069896065,1784.25317140098,2695.94079931474,911.113912257635,997.407104461872,616.19774986164,,,,,,,,
209,2625,gene-ACX60_13295_ACX60_13295,0.0,1.0,-2.420791718069432,-2.4283047345204776,D Over L,245.962962793203,246.769220632008,254.517113113601,106.137615433154,111.869746073055,89.6996724482135,,,,,,,,
210,1509,gene-ACX60_07650_ACX60_07650,4.7260528823756e-11,0.999999999952739,-2.4313148412284193,-2.435344729648324,D Over L,416.75030194338,488.460885283934,502.316765763794,218.238018250193,241.403136262909,118.299568011412,,,,,,,,
211,1803,gene-ACX60_09135_ACX60_09135,1.51656465163796e-13,0.999999999999848,-2.434481734927796,-2.4419282832425138,D Over L,267.128915081045,235.598597475827,262.727342568879,146.684569643572,96.5612545051635,70.1997436551236,,,,,,,,
212,659,gene-ACX60_03330_mscL,0.0001098650426583,0.999890134957342,-2.443880274762975,-2.444475684479217,D Over L,3102.63666122821,3723.87955579249,2819.84062563984,1624.26328337029,1774.60744560099,547.298001459389,,,,,,,,
213,3494,gene-ACX60_17680_ACX60_17680,0.005586799661479,0.994413200338521,-2.44510153345688,-2.489664540798034,D Over L,37.2228816096539,53.8220933888742,40.304762780453,25.0437070123172,21.1963729401578,6.4999762643633,,,,,,,,
214,3455,gene-ACX60_17485_ACX60_17485,0.0001311164734779,0.999868883526522,-2.446313636231475,-2.44829272542679,D Over L,1027.64347659593,994.185460900148,889.690319153703,539.035979503208,548.750543895197,101.399629724067,,,,,,,,
215,3219,gene-ACX60_16290_ACX60_16290,0.0123075762257495,0.98769242377425,-2.462613431768117,-2.4690443988250106,D Over L,302.162215419543,375.739142526103,235.857500715243,171.728276655889,155.440068227824,42.8998433447977,,,,,,,,
216,112,gene-ACX60_00565_ACX60_00565,0.0006738683798186,0.999326131620181,-2.4729566639540943,-2.4758803667563907,D Over L,528.418946772341,775.850553756602,725.485730048154,314.83517386913,369.758950178309,135.199506298757,,,,,,,,
217,1610,gene-ACX60_08160_ACX60_08160,0.026699082084943,0.973300917915057,-2.479549794244774,-2.486494351937196,D Over L,297.783052877231,371.677097742037,192.567199951053,139.52922478291,108.337017249696,98.7996392183221,,,,,,,,
218,1950,gene-ACX60_09890_ACX60_09890,0.0002812434289781,0.999718756571022,-2.480007146548806,-2.4837998396198495,D Over L,516.741179992842,638.756542294375,421.707240202888,239.704052832179,274.375271947599,120.899558517157,,,,,,,,
219,3456,gene-ACX60_17490_ACX60_17490,1.522862279979e-05,0.9999847713772,-2.5000205142621015,-2.5021456435700187,D Over L,875.102648038725,1059.1781774452,939.698080381302,467.482530896588,551.105696444104,129.999525287266,,,,,,,,
220,3481,gene-ACX60_17615_ACX60_17615,2.30437890991197e-12,0.999999999997696,-2.5006843967377934,-2.502488910619334,D Over L,1110.84756489987,1143.46560671457,1132.26528033236,566.464801469079,572.302069384262,214.499216723989,,,,,,,,
221,2207,gene-ACX60_11185_ACX60_11185,1.1330336668891001e-10,0.999999999886697,-2.540366089949834,-2.554406998370148,D Over L,132.104736693085,171.621392126788,152.2624371706,48.8948565478574,78.8976103883653,50.6998148620337,,,,,,,,
222,731,gene-ACX60_03690_ACX60_03690,2.52020626589911e-14,0.999999999999975,-2.5765063146187592,-2.5788370229362396,D Over L,929.112319393909,989.107904920066,920.29208348701,413.817444441622,495.759611544803,191.099302172281,,,,,,,,
223,1404,gene-ACX60_07115_ACX60_07115,7.66279043551421e-08,0.999999923372096,-2.5777321616615843,-2.585574505648516,D Over L,320.408726012511,289.420690864701,236.603885211178,138.336667306133,120.112779994228,68.8997484022509,,,,,,,,
224,804,gene-ACX60_04055_ACX60_04055,0.0092097672775232,0.990790232722477,-2.5963855139620318,-2.5989082633987195,D Over L,900.64776286888,1111.98475963806,663.535816885606,429.320691639723,452.189289390034,148.199458827483,,,,,,,,
225,240,gene-ACX60_01220_ACX60_01220,1.00774209214061e-05,0.999989922579079,-2.6063563555452283,-2.607339675130346,D Over L,2393.21232937363,2196.55071698368,2341.40816374595,1087.61241882063,1360.10059699346,210.599230965371,,,,,,,,
226,2921,gene-ACX60_14785_ACX60_14785,0.0037274724598339,0.996272527540166,-2.6124467045238418,-2.614439978714139,D Over L,1154.63919032299,1442.02589834342,844.907249397644,564.079686515525,479.273543702458,272.999003103258,,,,,,,,
227,369,gene-ACX60_01865_ACX60_01865,0.0001320960309852,0.999867903969015,-2.630601073614473,-2.640262730748229,D Over L,194.872733132894,237.62961986786,292.582722406251,116.870632724147,108.337017249696,49.399819609161,,,,,,,,
228,45,gene-ACX60_00225_ACX60_00225,0.0,1.0,-2.6570454732193465,-2.6581363730173897,D Over L,2099.07857861499,2432.1493144595,2039.12244289255,913.499027211189,1004.47256210859,553.797977723753,,,,,,,,
229,54,gene-ACX60_00270_ACX60_00270,0.0193347135801222,0.980665286419878,-2.665191601634264,-2.6699064070180296,D Over L,588.997361940994,610.322228805913,335.126638674507,212.275230866308,240.225559988456,122.19955377003,,,,,,,,
230,18,gene-ACX60_00090_ACX60_00090,3.97120943678164e-05,0.999960287905632,-2.672082028153166,-2.67270793086784,D Over L,3693.33459795647,3151.81163374051,4773.74835063157,983.65718356998,1925.337208731,1438.22374811061,,,,,,,,
231,485,gene-ACX60_02445_ACX60_02445,3.97120943678164e-05,0.999960287905632,-2.672082028153166,-2.67270793086784,D Over L,3693.33459795647,3151.81163374051,4773.74835063157,983.65718356998,1925.337208731,1438.22374811061,,,,,,,,
232,518,gene-ACX60_02610_ACX60_02610,3.97120943678164e-05,0.999960287905632,-2.672082028153166,-2.67270793086784,D Over L,3693.33459795647,3151.81163374051,4773.74835063157,983.65718356998,1925.337208731,1438.22374811061,,,,,,,,
233,2960,gene-ACX60_14990_ACX60_14990,3.97120943678164e-05,0.999960287905632,-2.672082028153166,-2.67270793086784,D Over L,3693.33459795647,3151.81163374051,4773.74835063157,983.65718356998,1925.337208731,1438.22374811061,,,,,,,,
234,3399,gene-ACX60_17205_ACX60_17205,3.97120943678164e-05,0.999960287905632,-2.672082028153166,-2.67270793086784,D Over L,3693.33459795647,3151.81163374051,4773.74835063157,983.65718356998,1925.337208731,1438.22374811061,,,,,,,,
235,3560,gene-ACX60_18010_ACX60_18010,3.97120943678164e-05,0.999960287905632,-2.672082028153166,-2.67270793086784,D Over L,3693.33459795647,3151.81163374051,4773.74835063157,983.65718356998,1925.337208731,1438.22374811061,,,,,,,,
236,251,gene-ACX60_01275_ACX60_01275,0.0462924968166629,0.953707503183337,-2.682781160154011,-2.6904473925291144,D Over L,235.744916861141,286.374157276651,438.874083609377,149.069684597126,136.598847836573,71.4997389079962,,,,,,,,
237,1873,gene-ACX60_09500_ACX60_09500,8.41364027392988e-06,0.999991586359726,-2.68307671259058,-2.721225588286071,D Over L,56.9291130500589,66.0082277410721,72.3992961056285,29.8139369194252,34.1497119591432,7.79997151723595,,,,,,,,
238,2092,gene-ACX60_10610_ACX60_10610,0.001573776949917,0.998426223050083,-2.69310510695604,-2.7113248184307697,D Over L,148.161666014897,165.528324950689,96.2835999755266,64.3981037459585,52.9909323503946,33.7998765746891,,,,,,,,
239,2390,gene-ACX60_12105_ACX60_12105,1.49759217462631e-05,0.999985024078254,-2.693704108294039,-2.7250011470397926,D Over L,70.0666006769955,72.1012949171711,97.7763689673952,38.1618392568643,32.97213568469,16.8999382873446,,,,,,,,
240,2249,gene-ACX60_11395_ACX60_11395,1.08468789505878e-13,0.999999999999892,-2.702081462343888,-2.724398566031488,D Over L,120.426969913586,122.876854717996,94.790830983658,42.9320691639723,44.7478984292221,36.3998670804345,,,,,,,,
241,1949,gene-ACX60_09885_ACX60_09885,4.4410031208030895e-12,0.999999999995559,-2.704087799066476,-2.7086865932883644,D Over L,532.798109314653,612.353251197946,488.135460341042,212.275230866308,268.487390575333,122.19955377003,,,,,,,,
242,1373,gene-ACX60_06960_ACX60_06960,0.0126558380241866,0.987344161975813,-2.717361043274043,-2.765851469980173,D Over L,36.4930211859352,60.9306717609897,61.9499131625481,27.4288219658712,22.3739492146111,7.79997151723595,,,,,,,,
243,1098,gene-ACX60_05575_ACX60_05575,0.0005679464997611,0.999432053500239,-2.721099474504737,-2.7310276695900617,D Over L,247.42268364064,322.932560333245,200.031044910396,128.796207491917,101.271559602976,51.9998101149064,,,,,,,,
244,3218,gene-ACX60_16285_ACX60_16285,3.7172598332802e-11,0.999999999962827,-2.7256803808349,-2.72686817927917,D Over L,2115.86536836052,2294.03979180126,2036.88328940474,1027.98454498178,1015.07074857867,321.098827459547,,,,,,,,
245,2911,gene-ACX60_14735_ACX60_14735,2.51090854774816e-08,0.999999974890915,-2.742426125325116,-2.74550940309189,D Over L,856.126277022039,931.223766747126,737.427881983103,423.357904255838,366.226221354949,129.999525287266,,,,,,,,
246,1405,gene-ACX60_07120_ACX60_07120,2.9787283750693e-13,0.999999999999702,-2.765020589721798,-2.7771735236404327,D Over L,238.664358556016,232.552063887777,185.10335499171,83.4790233743906,93.0285256818039,59.7997816321423,,,,,,,,
247,1199,gene-ACX60_06085_ACX60_06085,0.0119834371123697,0.98801656288763,-2.767602969851879,-2.7738887498250575,D Over L,422.589185333129,550.40706824094,296.314644885923,189.616638807544,186.057051363608,81.8997009309775,,,,,,,,
248,1011,gene-ACX60_05130_ACX60_05130,2.5348114441881e-06,0.999997465188556,-2.767977462601761,-2.7695324150277676,D Over L,1692.54632260367,1841.1217983779,1590.54536083602,833.597676267129,887.892510937723,128.699530034393,,,,,,,,
249,1317,gene-ACX60_06680_ACX60_06680,0.0,1.0,-2.7804931130851904,-2.787603282777613,D Over L,350.333003384978,404.173456014565,381.402477422435,159.802701888119,143.664305483292,103.999620229813,,,,,,,,
250,2393,gene-ACX60_12120_ACX60_12120,0.0024465320447995,0.997553467955201,-2.7956509568680223,-2.8148589666282593,D Over L,95.6117155071501,170.605880930771,161.965435617746,48.8948565478574,57.7012374482075,45.4998338505431,,,,,,,,
251,909,gene-ACX60_04585_ACX60_04585,1.99956869073592e-05,0.999980004313093,-2.8008903085297203,-2.8017697829214816,D Over L,3101.90680080449,3839.64783213837,2394.40146295728,1038.71756227278,1248.23085092041,1045.19618330962,,,,,,,,
252,3696,gene-ACX60_RS18755_ACX60_RS18755,0.0,1.0,-2.8080405849322023,-2.808778247726687,D Over L,3370.4224506906,3757.81793996336,4074.65477635965,1436.67399227326,1499.86712500831,1051.96915857708,A1S_0207,(),heteromeric transposase endonuclease subunit TnsA,WP_000736393.1,WP_000736393.1,99399,100109,NZ_CP012005.1
253,313,gene-ACX60_01585_ACX60_01585,0.0,1.0,-2.8240315759360066,-2.8254340954946358,D Over L,1854.57533666923,2049.30159356129,2075.69528319333,840.753021127791,910.266460152334,365.298666057217,,,,,,,,
254,1375,gene-ACX60_06970_ACX60_06970,0.0,1.0,-2.8288931153113848,-2.842253610945416,D Over L,221.877568810486,197.0091720272,214.212350333148,88.2492532814987,69.4770001927396,64.9997626436329,,,,,,,,
255,1383,gene-ACX60_07010_ACX60_07010,0.0215630536898039,0.978436946310196,-2.832840675892012,-2.8349986792745625,D Over L,1358.27024854051,1706.05880930771,853.863863348856,443.631381361047,539.329933699572,399.098542631906,,,,,,,,
256,830,gene-ACX60_04185_ACX60_04185,0.0,1.0,-2.8420413029650913,-2.8468639607983546,D Over L,617.461918466023,586.965471297534,565.013063422276,246.859397692841,222.561915871657,152.099444586101,,,,,,,,
257,3459,gene-ACX60_17505_ACX60_17505,0.0004248133177744,0.999575186682226,-2.875849996998736,-2.8881178635565266,D Over L,248.152544064359,259.970866180223,210.480427853477,100.174828049269,146.019458032198,2.59999050574532,,,,,,,,
258,1017,gene-ACX60_05160_ACX60_05160,2.4449052782316e-09,0.999999997555095,-2.8952219390986724,-2.898674872424147,D Over L,770.732607446951,786.005665716767,1032.24975787716,319.605403776238,360.338339982683,213.199221471116,,,,,,,,
259,2147,gene-ACX60_10885_ACX60_10885,0.0008330844376392,0.999166915562361,-2.936307184044147,-2.9398095708866876,D Over L,1010.12682642669,997.231994488198,637.412359527905,330.338421067232,426.282611352063,142.999477815992,,,,,,,,
260,1264,gene-ACX60_06415_ACX60_06415,7.904447096862551e-09,0.999999992095553,-2.9366047333333016,-2.99017706187475,D Over L,63.4978568635272,57.8841381729402,54.486068203205,28.6213794426482,22.3739492146111,7.79997151723595,,,,,,,,
261,1549,gene-ACX60_07855_ACX60_07855,0.0130508585261486,0.986949141473851,-2.9406000636079797,-2.966757331413583,D Over L,115.317946947555,161.466280166623,81.3559100568403,48.8948565478574,47.1030509781285,24.6999098045805,,,,,,,,
262,826,gene-ACX60_04165_ACX60_04165,0.0,1.0,-2.9515028897515014,-2.9523215254120867,D Over L,4000.36498240221,4155.4718140995,3296.78031854187,1365.47831090968,1517.89581777019,995.796363700457,,,,,,,,
263,555,gene-ACX60_02800_ACX60_02800,1.1306733327387498e-11,0.999999999988693,-2.9604495190490523,-2.9653086204554304,D Over L,578.049455585213,765.695441796437,603.078672714926,239.704052832179,267.309814300879,149.499454080356,,,,,,,,
264,1259,gene-ACX60_06390_ACX60_06390,6.10619332874762e-11,0.999999999938938,-2.968760583506766,-2.975433377507991,D Over L,428.428068722879,444.793903855225,555.31006497513,177.691064039774,204.898271754859,97.4996439654494,,,,,,,,
265,652,gene-ACX60_03295_ACX60_03295,5.39847792913051e-07,0.999999460152207,-2.978344095585186,-2.978356323277731,D Over L,248421.132700288,316427.195611564,219298.960672941,91732.7136711643,111952.176412267,59596.9823726942,,,,,,,,
266,997,gene-ACX60_05055_ACX60_05055,0.000255203381055,0.999744796618945,-2.986289223328651,-2.989237187016607,D Over L,1150.9898882044,1306.96290927323,819.530176535878,469.867645850142,475.740814879098,150.799449333228,,,,,,,,
267,2448,gene-ACX60_12400_ACX60_12400,0.0240274866169019,0.975972513383098,-2.989007158153681,-3.066907455058912,D Over L,27.004835677592,43.6669814287093,56.7252216910079,10.7330172909931,16.486067842345,14.2999477815992,,,,,,,,
268,1686,gene-ACX60_08540_ACX60_08540,0.003559088417694,0.996440911582306,-2.99069477674875,-3.026857672594818,D Over L,71.5263215244329,77.1788508972536,122.407057333228,35.7767243033103,32.97213568469,20.7999240459625,,,,,,,,
269,312,gene-ACX60_01580_ACX60_01580,9.6349705991372e-11,0.99999999990365,-3.0249871931133963,-3.0257146471957483,D Over L,4120.06209189208,5207.54141317258,4378.29145315069,1841.3087441437,2012.47785304054,675.997531493783,,,,,,,,
270,1009,gene-ACX60_05115_ACX60_05115,0.0094182793240609,0.990581720675939,-3.031895940282178,-3.03373003470755,D Over L,2022.44323412453,2193.50418339563,1253.17956867371,778.740032335387,829.013697215062,194.999287930899,,,,,,,,
271,3454,gene-ACX60_17480_ACX60_17480,2.50899412357342e-10,0.999999999749101,-3.0421979465328826,-3.0694447788420747,D Over L,125.535992879617,124.907877110029,123.899826325096,44.1246266407493,51.8133560759414,25.9999050574532,,,,,,,,
272,1316,gene-ACX60_06675_ACX60_06675,4.7707948702679895e-11,0.999999999952292,-3.0504743181252802,-3.0626307856886696,D Over L,288.294867368888,309.730914785031,242.574961178652,133.566437399025,95.3836782307103,45.4998338505431,,,,,,,,
273,548,gene-ACX60_02765_ACX60_02765,0.0097748383547039,0.990225161645296,-3.058266586926889,-3.1027394556256347,D Over L,62.7679964398085,109.675209169781,61.2035286666138,25.0437070123172,29.4394068613303,20.7999240459625,,,,,,,,
274,863,gene-ACX60_04355_ACX60_04355,0.0002855544200479,0.999714445579952,-3.073889052230638,-3.0743669776268367,D Over L,7492.01724947249,8590.20920710353,5626.9927148488,3076.79829008468,3300.74629729236,683.797503011019,,,,,,,,
275,3173,gene-ACX60_16060_ACX60_16060,1.96276328523481e-12,0.999999999998037,-3.074415417406009,-3.0748595953245705,D Over L,7255.54247218763,8192.12881826506,7920.63227085495,3037.44389335104,3695.23434923418,867.096833666064,,,,,,,,
276,2777,gene-ACX60_14060_ACX60_14060,2.05105595962873e-06,0.99999794894404,-3.1460736469170723,-3.1468186545614363,D Over L,5021.43971518468,5819.89466437053,3909.56198970394,2010.65190584604,1948.88873422007,727.997341608689,,,,,,,,
277,1879,gene-ACX60_09530_ACX60_09530,5.00952991375758e-05,0.999949904700862,-3.155609569602902,-3.175252483553855,D Over L,136.483899235398,216.303884751513,214.212350333148,66.7832186995125,75.3648815650056,36.3998670804345,,,,,,,,
278,1315,gene-ACX60_06670_ACX60_06670,3.36175531856497e-13,0.999999999999664,-3.157853807106027,-3.160353244422204,D Over L,1441.47433684444,1676.60898462323,1321.84694229967,574.812703806518,606.451781343405,223.599183494097,,,,,,,,
279,1850,gene-ACX60_09385_ACX60_09385,1.70761764795024e-06,0.999998292382352,-3.179294034432752,-3.186031639258884,D Over L,447.404439739565,558.531157809072,670.999661844949,182.461293946882,243.758288811815,100.099634471195,,,,,,,,
280,2370,gene-ACX60_12005_ACX60_12005,0.0026256660887962,0.997374333911204,-3.2086763014218893,-3.231291094343221,D Over L,201.441476946362,203.102239203299,108.97213640641,57.2427588852964,60.0563899971139,41.5998480919251,,,,,,,,
281,2464,gene-ACX60_12480_ACX60_12480,0.0005655703921095,0.99943442960789,-3.2324707691974157,-3.365122575386638,D Over L,29.9242773724668,37.5739142526103,24.6306883658324,11.9255747677701,14.1309152934386,1.29999525287266,,,,,,,,
282,1403,gene-ACX60_07110_ACX60_07110,9.817846535753459e-11,0.999999999901822,-3.2773715694240915,-3.3068690816941144,D Over L,154.730409828365,147.249123422392,113.450443382016,54.8576439317424,44.7478984292221,25.9999050574532,,,,,,,,
283,631,gene-ACX60_03190_ACX60_03190,0.0024661458667684,0.997533854133232,-3.2803326652143183,-3.283197873536062,D Over L,1529.7874481144,1775.11357063683,947.161925340645,401.891869673852,599.386323696686,293.798927149221,,,,,,,,
284,1381,gene-ACX60_07000_ACX60_07000,0.0438645377555138,0.956135462244486,-3.2821248567405132,-3.283586149156537,D Over L,2318.76656615432,2108.20124293024,3917.77221915922,760.851670183732,1292.97874934963,487.498219827247,,,,,,,,
285,2185,gene-ACX60_11075_ACX60_11075,7.105427357601e-15,0.999999999999993,-3.290436324517292,-3.2946247586047583,D Over L,833.500603886759,1028.71284156471,1069.56898267387,339.878880881448,374.469255276122,175.499359137809,,,,,,,,
286,1267,gene-ACX60_06430_ACX60_06430,8.97649377828991e-07,0.999999102350622,-3.3449945575168236,-3.358986556520521,D Over L,268.588635928483,328.010116313328,319.452564259887,108.522730386708,158.972797051184,5.19998101149064,,,,,,,,
287,649,gene-ACX60_03280_ACX60_03280,0.0013972074856147,0.998602792514385,-3.3873370810983814,-3.3899258927984723,D Over L,1814.4330133647,2060.47221671747,1212.12842139733,676.180089332564,723.031832514273,101.399629724067,,,,,,,,
288,1298,gene-ACX60_06585_ACX60_06585,9.38209621104136e-10,0.99999999906179,-3.419092646046936,-3.4366311206263123,D Over L,212.389383302143,255.908821396157,303.032105349332,88.2492532814987,90.6733731328974,45.4998338505431,,,,,,,,
289,3087,gene-ACX60_15630_ACX60_15630,0.0,1.0,-3.4218059043035343,-3.4317817652720604,D Over L,396.314210079256,448.855948639291,510.526995219071,151.45479955068,133.066119013213,110.499596494176,,,,,,,,
290,3695,gene-ACX60_RS18750_ACX60_RS18750,5.91108161640541e-06,0.999994088918384,-3.488203477611803,-3.488643886875108,D Over L,8659.74283719275,9887.76848270164,13526.2112145154,3396.05785219266,3367.53842357934,2430.13312600498,A1S_0209,(),DDE-type integrase/transposase/recombinase,WP_016654431.1,WP_000573066.1,97488,99398,NZ_CP012005.1
291,1194,gene-ACX60_06060_ACX60_06060,0.0470931345632387,0.952906865436761,-3.5095195939807597,-3.5127106411055524,D Over L,1126.17463379796,1191.19463292735,2177.94995913633,361.344915463434,532.264476052852,386.09859010318,,,,,,,,
292,1157,gene-ACX60_05875_ACX60_05875,1.11419923243261e-05,0.999988858007676,-3.532922601862855,-3.5338896843926855,D Over L,4963.7807417109,6018.93485878976,4078.99127028103,1830.57572685271,2196.17975185524,235.299140769951,,,,,,,,
293,3278,gene-ACX60_16585_ACX60_16585,0.0002101092348621,0.999789890765138,-3.5417402429465787,-3.5617506823557328,D Over L,261.290031691296,307.699892392998,167.190127089287,81.0939084208366,80.0751866628185,45.4998338505431,,,,,,,,
294,457,gene-ACX60_02305_ACX60_02305,0.000244363613177,0.999755636386823,-3.552559433873697,-3.5531546924298993,D Over L,6991.33299880146,7043.58565557041,10759.1325088931,2670.13619050372,3204.18504278719,1103.69596968889,,,,,,,,
295,3606,gene-ACX60_RS18255_ACX60_RS18255,0.0,1.0,-3.553814765403157,-3.5572057172852443,D Over L,1375.05703828604,1598.41462252996,1386.03600895002,478.215548187581,414.506848607531,332.798784735401,,(),hypothetical protein,WP_000069169.1,WP_000069169.1,14039,14398,NZ_CP012005.1
296,3285,gene-ACX60_16620_ACX60_16620,1.41470976044999e-08,0.999999985852902,-3.5751750933608837,-3.5844462842635925,D Over L,567.101549229433,627.585919138194,425.439162682559,166.958046748781,209.608576852672,75.3997246666142,,,,,,,,
297,1297,gene-ACX60_06580_ACX60_06580,3.40616423954998e-13,0.999999999999659,-3.5787487793757045,-3.582503090514349,D Over L,1206.45928040702,1547.63906272914,1250.19403068998,459.134628559149,505.180221740429,153.399439838974,,,,,,,,
298,2369,gene-ACX60_12000_ACX60_12000,2.3936075344011e-11,0.999999999976064,-3.6498106443635128,-3.6664220943434835,D Over L,346.683701266384,345.273806645608,259.741804585141,91.8269257118297,124.823085092041,42.8998433447977,,,,,,,,
299,267,gene-ACX60_01355_ACX60_01355,8.337774914934931e-14,0.999999999999917,-3.6666107187627586,-3.6724002446978394,D Over L,907.216506682348,780.928109736684,1064.34429120233,277.865892089043,340.319543316979,131.299520540139,,,,,,,,
300,2186,gene-ACX60_11080_ACX60_11080,3.73401309872179e-12,0.999999999996266,-3.7068775005680226,-3.709794312763948,D Over L,1861.87394090641,2192.48867219961,1548.00144456777,511.607157537337,686.526968006223,311.998860689438,,,,,,,,
301,2677,gene-ACX60_13555_ACX60_13555,1.53693526794285e-08,0.999999984630647,-3.7211886178311224,-3.722834034314459,D Over L,3554.42026351009,3790.90329472957,2673.54926443672,1010.09618283013,1361.27817326791,319.798832206674,,,,,,,,
302,2069,gene-ACX60_10495_ACX60_10495,6.17506046296512e-13,0.999999999999382,-3.761833379258948,-3.762796014421997,D Over L,5717.72655941232,6866.88670746354,4982.86289485749,1811.49480722428,2052.51544637195,804.697061528176,,,,,,,,
303,1263,gene-ACX60_06410_ACX60_06410,0.018903743404261,0.981096256595739,-3.7867530285372655,-3.82970165704951,D Over L,153.270688980928,175.683436910854,75.3848340893658,46.5097415943034,44.7478984292221,14.2999477815992,,,,,,,,
304,2920,gene-ACX60_14780_ACX60_14780,0.045997872135776,0.954002127864224,-3.919227331462871,-3.953045737800383,D Over L,241.583800250891,220.365929535579,93.2980619917893,62.0129887924045,45.9254747036753,32.4998813218165,,,,,,,,
305,368,gene-ACX60_01860_ACX60_01860,1.20947696302665e-12,0.999999999998791,-3.9914803689711986,-4.004025472245591,D Over L,436.456533383785,529.081333124594,588.15098279624,164.572931795227,176.636441167982,46.7998291034157,,,,,,,,
306,244,gene-ACX60_01240_ACX60_01240,9.65894031423886e-15,0.99999999999999,-4.047689761504298,-4.048722558040417,D Over L,5350.60676628181,6833.37483799499,7257.84283846528,1778.10319787452,2087.84273460555,935.996582068314,,,,,,,,
307,545,gene-ACX60_02750_ACX60_02750,8.437694987151191e-15,0.999999999999992,-4.092136614588004,-4.094154762692781,D Over L,2855.21397758757,3576.63043237009,3775.9591649317,1049.45057956377,1092.79078269258,350.998718275618,,,,,,,,
308,1685,gene-ACX60_08535_ACX60_08535,0.0412231601907738,0.958776839809226,-4.094768891481467,-4.189650571049876,D Over L,58.3888338974963,49.7600486048082,114.19682787795,20.2734771052092,22.3739492146111,10.3999620229813,,,,,,,,
309,209,gene-ACX60_01060_ACX60_01060,0.0,1.0,-4.096109896014739,-4.098473944866783,D Over L,2648.66347767517,2979.5098491124,3106.45227207862,834.790233743906,972.678002698354,323.698817965292,,,,,,,,
310,1588,gene-ACX60_08050_ACX60_08050,0.0,1.0,-4.097820881264818,-4.0991292324341515,D Over L,4999.54390247312,5891.9959592877,4902.25336929658,1627.84095580062,1680.40134364474,544.698010953644,,,,,,,,
311,2410,gene-ACX60_12205_ACX60_12205,0.0001537708131134,0.999846229186887,-4.108173673633165,-4.156922976997556,D Over L,131.374876269367,190.916104851101,108.97213640641,42.9320691639723,52.9909323503946,7.79997151723595,,,,,,,,
312,314,gene-ACX60_01590_ACX60_01590,0.0,1.0,-4.130038334114279,-4.14534203048864,D Over L,453.973183553033,442.762881463192,482.910768869502,126.411092538363,153.084915678918,53.299805367779,,,,,,,,
313,1380,gene-ACX60_06995_ACX60_06995,0.0004584595338871,0.999541540466113,-4.136415536751947,-4.140217179766476,D Over L,1388.92438633669,1659.34529429095,2510.0910598271,460.327186035926,505.180221740429,376.998623333071,,,,,,,,
314,1942,gene-ACX60_09850_ACX60_09850,0.0,1.0,-4.17781366490427,-4.196599753426089,D Over L,386.826024570913,437.685325483109,330.648331698901,102.559943002823,127.178237640947,45.4998338505431,,,,,,,,
315,3027,gene-ACX60_15330_ACX60_15330,0.0202197404246713,0.979780259575329,-4.2339821278222605,-4.2342979646760135,D Over L,25392.5740015974,30550.6388209602,14610.4765079142,6661.62606527637,8791.78446506769,1208.99558517157,,,,,,,,
316,799,gene-ACX60_04030_ACX60_04030,0.0,1.0,-4.377561983002802,-4.377773792704755,D Over L,37444.7591784644,41546.5940514268,34607.6099229864,10554.1336694765,12126.6804743192,3268.18806572186,,,,,,,,
317,1133,gene-ACX60_05755_ACX60_05755,2.43464345610622e-05,0.999975653565439,-4.38303819204242,-4.3859206110043605,D Over L,2990.96801639925,3457.81562243616,1927.91115299833,742.963308032077,854.920375253033,311.998860689438,,,,,,,,
318,2208,gene-ACX60_11190_ACX60_11190,7.80819853218873e-13,0.999999999999219,-4.495324477363797,-4.525405546214311,D Over L,301.432354995824,331.056649901377,223.16896428436,65.5906612227355,75.3648815650056,48.0998243562884,,,,,,,,
319,2819,gene-ACX60_14270_ACX60_14270,4.16965161953442e-07,0.999999583034838,-4.501323133018673,-4.501678323026792,D Over L,26591.0048173435,27636.1216883929,17984.8808140332,6126.1677582035,8442.04431155509,1472.89462150472,,,,,,,,
320,1193,gene-ACX60_06055_ACX60_06055,0.0154845897945246,0.984515410205475,-4.539267145386592,-4.700906353684251,D Over L,43.7916254231222,38.5894254486268,85.0878325365119,8.34790233743906,12.9533390189853,14.2999477815992,,,,,,,,
321,2634,gene-ACX60_13340_ACX60_13340,0.0129499494077903,0.98705005059221,-4.547412844537565,-4.54974874219848,D Over L,4417.84514476931,4703.8478599484,2121.97112194126,989.822705724918,1143.42656249407,337.998765746891,,,,,,,,
322,1422,gene-ACX60_07205_ACX60_07205,7.43066608244192e-10,0.999999999256933,-4.5590595369803655,-4.642537869274471,D Over L,87.5832508462444,129.985433090111,104.493829430804,25.0437070123172,36.5048645080496,7.79997151723595,,,,,,,,
323,2162,gene-ACX60_10960_ACX60_10960,0.0009301773987326,0.999069822601267,-4.562274507800763,-4.566145095173165,D Over L,1567.01032972406,2201.62827296376,3069.87943177784,534.2657495961,637.068764479188,326.298808471037,,,,,,,,
324,685,gene-ACX60_03460_ACX60_03460,0.0001827654021662,0.999817234597834,-4.579423020640373,-4.582744741541928,D Over L,2066.96471997137,2493.07998622049,3475.9125975661,444.823938837824,1166.97808798313,141.69948256312,,,,,,,,
325,386,gene-ACX60_01950_ACX60_01950,0.0,1.0,-4.654548243589651,-4.655550797178204,D Over L,7783.96141895997,9299.03602192304,10532.978006625,1830.57572685271,2728.4442279081,1372.79498703353,,,,,,,,
326,189,gene-ACX60_00960_ACX60_00960,0.0,1.0,-4.682095583877736,-4.6832042698972804,D Over L,7646.01779887714,9398.55611913266,8265.4619079766,2007.07423341571,2471.73260007729,925.596620045333,,,,,,,,
327,2163,gene-ACX60_10965_ACX60_10965,0.0006005705248455,0.999399429475154,-4.822447481612349,-4.829991713112354,D Over L,942.979667444565,1219.62894641581,1819.68540108786,281.443564519374,366.226221354949,176.799354390682,,,,,,,,
328,1684,gene-ACX60_08530_ACX60_08530,0.018146571816101,0.981853428183899,-4.936355373616873,-5.080561427926594,D Over L,52.5499505077466,58.8996493689567,114.19682787795,26.2362644890942,12.9533390189853,5.19998101149064,,,,,,,,
329,2666,gene-ACX60_13500_ACX60_13500,0.0,1.0,-5.006737255302939,-5.041289434959642,D Over L,264.209473386171,367.615052957971,319.452564259887,64.3981037459585,80.0751866628185,44.1998385976704,,,,,,,,
330,2859,gene-ACX60_14470_ACX60_14470,0.0055436966986648,0.994456303301335,-5.0107875737450644,-5.0121543491972655,D Over L,8477.32882149274,10615.1385319604,4841.7962251259,1897.35894555222,2554.16293928902,323.698817965292,,,,,,,,
331,1618,gene-ACX60_08200_ACX60_08200,0.0296337468460753,0.970366253153925,-5.099477969727115,-5.100082171201592,D Over L,11518.6572071286,18282.248061885,26509.3381420991,3461.99435508366,4976.43733583928,2602.59049625106,,,,,,,,
332,1609,gene-ACX60_08155_ACX60_08155,0.0080153430194909,0.991984656980509,-5.136041102412359,-5.1393167461844165,D Over L,3821.54917859113,4717.04950549662,2021.20921499012,971.934343573262,926.752527994679,155.999430344719,,,,,,,,
333,52,gene-ACX60_00260_ACX60_00260,0.001909902713552,0.998090097286448,-5.225004244447408,-5.232024427660141,D Over L,1469.93889336947,2424.02522489137,1230.04164929975,360.152357986657,584.077832128794,35.0998718275618,,,,,,,,
334,2836,gene-ACX60_14355_ACX60_14355,0.018626216514089,0.981373783485911,-5.233265689022102,-5.239354412330676,D Over L,2323.14572869663,2611.89479615442,992.691379592639,367.307702847319,390.955323118467,373.098637574453,,,,,,,,
335,1415,gene-ACX60_07170_ACX60_07170,7.768872212210451e-10,0.999999999223113,-5.242603298418301,-5.276483446939134,D Over L,279.536542284263,360.506474585856,435.142161129705,88.2492532814987,89.4957968584442,25.9999050574532,,,,,,,,
336,1086,gene-ACX60_05515_ACX60_05515,0.0,1.0,-5.3029344222155865,-5.3623545272192565,D Over L,194.872733132894,229.505530299728,207.494889869739,35.7767243033103,61.2339662715671,20.7999240459625,,,,,,,,
337,1707,gene-ACX60_08645_ACX60_08645,1.20864718233804e-09,0.999999998791353,-5.533148352810072,-5.536172232561459,D Over L,4615.63731959708,5459.38818978467,3430.38314331411,881.29997533821,1330.66119013213,227.499169252715,,,,,,,,
338,3588,gene-ACX60_18155_ACX60_18155,5.45274996288647e-06,0.999994547250037,-5.63192709160544,-5.639543614756968,D Over L,1836.32882607626,2425.04073608739,1319.60778881187,429.320691639723,500.469916642616,59.7997816321423,,,,,,,,
339,1402,gene-ACX60_07105_ACX60_07105,0.0,1.0,-5.699092674269621,-5.763943601077075,D Over L,228.446312623954,266.063933356322,185.10335499171,51.2799715014114,47.1030509781285,19.4999287930899,,,,,,,,
340,670,gene-ACX60_03385_ACX60_03385,0.0,1.0,-5.767074434111244,-5.781264764195545,D Over L,920.353994309285,1051.05408787707,1188.99050202336,256.399857507057,234.337678616189,55.8997958735243,,,,,,,,
341,2212,gene-ACX60_11210_ACX60_11210,6.69159700985578e-05,0.999933084029901,-5.799303030668106,-5.806050721981309,D Over L,2547.94273920199,2781.48516588918,1390.51431592563,492.526237908905,469.852933506832,194.999287930899,,,,,,,,
342,1295,gene-ACX60_06570_ACX60_06570,0.0001175452504941,0.999882454749506,-5.872504359433102,-5.896880647566743,D Over L,451.053741858159,590.012004885583,877.00178272282,116.870632724147,158.972797051184,49.399819609161,,,,,,,,
343,1682,gene-ACX60_08520_ACX60_08520,0.0109883238012499,0.98901167619875,-5.908913377670143,-5.993360750803236,D Over L,126.265853303336,150.295657010441,290.343568918448,40.5469542104183,30.6169831357835,23.3999145517079,,,,,,,,
344,1266,gene-ACX60_06425_ACX60_06425,6.8801594421685805e-09,0.999999993119841,-6.333171798511903,-6.387059900840822,D Over L,365.66007228307,417.375101562779,245.56049916239,75.1311210369516,74.1873052905524,11.6999572758539,,,,,,,,
345,1423,gene-ACX60_07210_ACX60_07210,0.0009660183132126,0.999033981686787,-6.545596062068305,-7.084090242436167,D Over L,45.2513462705596,51.7910709968412,21.6451503820951,9.54045981421607,5.88788137226607,1.29999525287266,,,,,,,,
346,961,gene-ACX60_04875_ACX60_04875,2.22629829018661e-05,0.999977737017098,-6.664215152747388,-6.664599076736953,D Over L,55807.3175788032,68949.1481647359,35248.007820498,9028.85265667874,12910.946273105,2068.2924473204,,,,,,,,
347,339,gene-ACX60_01715_ACX60_01715,0.0,1.0,-6.7185150367856865,-6.747889391429204,D Over L,667.092427278895,755.540329836272,715.036347105073,137.144109829356,135.42127156212,44.1998385976704,,,,,,,,
348,1589,gene-ACX60_08055_ACX60_08055,0.0001098723250388,0.999890127674961,-6.921045779704837,-6.935482379090383,D Over L,1477.96735803037,2155.93026914302,994.930533080441,286.213794426482,284.973458417678,96.1996487125768,,,,,,,,
349,2835,gene-ACX60_14350_ACX60_14350,0.004463999464763,0.995536000535237,-6.950211200074169,-7.116359586598983,D Over L,192.683151861738,153.342190598491,68.667373625957,20.2734771052092,22.3739492146111,15.5999430344719,,,,,,,,
350,1680,gene-ACX60_08510_ACX60_08510,0.0002913320787564,0.999708667921244,-7.013587996983385,-7.553173744738523,D Over L,27.004835677592,48.7445374087917,61.2035286666138,5.96278738388505,8.24303392117249,3.89998575861798,,,,,,,,
351,1615,gene-ACX60_08185_ACX60_08185,0.0150192145114595,0.984980785488541,-7.277976909643927,-7.298311538425111,D Over L,677.310473210957,1157.6827634588,1831.62755302281,187.23152385399,244.935865086268,70.1997436551236,,,,,,,,
352,2870,gene-ACX60_14525_ACX60_14525,0.0124798272917271,0.987520172708273,-7.3157361628182445,-7.332901945853915,D Over L,1425.41740752263,2200.61276176774,764.297723836738,275.480777135489,267.309814300879,55.8997958735243,,,,,,,,
353,1400,gene-ACX60_07095_ACX60_07095,0.0202969279196921,0.979703072080308,-7.588541150988314,-7.718499138434996,D Over L,112.39850525268,192.947127243134,331.394716194836,28.6213794426482,44.7478984292221,9.09996677010861,,,,,,,,
354,2218,gene-ACX60_11240_ACX60_11240,5.3475785998236e-05,0.999946524214002,-8.369915790832314,-9.770501292484942,D Over L,30.6541377961855,36.5584030565938,16.4204589105549,3.57767243033103,2.35515254890643,2.59999050574532,,,,,,,,
355,2957,gene-ACX60_14975_ACX60_14975,0.0,1.0,-9.384721716529812,-9.39280986484406,D Over L,4275.52236214416,5827.00324274265,5742.68231171862,673.79497437901,733.630018984352,279.498979367622,,,,,,,,
356,1617,gene-ACX60_08195_ACX60_08195,0.0025825780021256,0.997417421997874,-9.395226803597405,-9.398225254444489,D Over L,8671.47169420191,13221.9557721348,20926.3821125104,1725.63066889633,2184.40398911071,646.097640677712,,,,,,,,
357,673,gene-ACX60_03400_ACX60_03400,0.0,1.0,-9.99419725151303,-10.004222155344136,D Over L,3968.98098418231,4918.12072230788,5718.79800784872,614.16710054016,767.779730943495,77.9997151723595,,,,,,,,
358,2420,gene-ACX60_12255_ACX60_12255,0.0,1.0,-10.246439566262353,-10.247824244766175,D Over L,35028.9211759554,38803.6983109863,37525.2269175936,4701.06157345497,5781.89950756528,383.498599597434,,,,,,,,
359,1681,gene-ACX60_08515_ACX60_08515,7.41955146876805e-07,0.999999258044853,-10.798605872169945,-12.26106079405447,D Over L,32.8437190673417,39.6049366446433,61.2035286666138,2.38511495355402,5.88788137226607,2.59999050574532,,,,,,,,
360,2210,gene-ACX60_11200_ACX60_11200,9.27581475684836e-06,0.999990724185243,-11.23491241388846,-11.478076601506881,D Over L,302.162215419543,339.180739469509,144.798592211257,19.0809196284321,37.6824407825028,11.6999572758539,,,,,,,,
361,1312,gene-ACX60_06655_ACX60_06655,0.0,1.0,-13.735654286304603,-13.754008247625638,D Over L,3901.83382520019,5849.34448905501,5779.2551520194,417.395116871953,644.134222125908,67.5997531493783,,,,,,,,
362,2869,gene-ACX60_14520_ACX60_14520,0.0,1.0,-13.893124903814966,-13.894033301927116,D Over L,107593.104222916,125137.382640329,88172.6396582084,8663.93006878497,13080.5172566263,1351.99506298757,,,,,,,,
363,2215,gene-ACX60_11225_ACX60_11225,0.0,1.0,-16.64553151329166,-17.0310332154334,D Over L,370.769095249101,391.987321662367,361.996480528143,31.0064943962022,25.9066780379707,9.09996677010861,,,,,,,,
364,2211,gene-ACX60_11205_katE,0.0,1.0,-19.344296051936883,-19.351645324948606,D Over L,23725.5727938239,27552.8497703195,27324.3900116593,1530.0512427049,2119.63729401578,412.098495160633,,,,,,,,
365,1261,gene-ACX60_06400_ACX60_06400,0.000881251881405,0.999118748118595,-32.25595322182463,-34.48983098789438,D Over L,337.92537618176,372.692608938054,74.6384495934315,9.54045981421607,10.5981864700789,2.59999050574532,,,,,,,,
366,2214,gene-ACX60_11220_ACX60_11220,0.0092662433218696,0.99073375667813,-37.49803534993466,-39.5443823254147,D Over L,197.06231440405,235.598597475827,715.036347105073,9.54045981421607,12.9533390189853,6.4999762643633,,,,,,,,
367,1268,gene-ACX60_06435_ACX60_06435,0.0,1.0,-62.94119979828664,-66.45124456861444,D Over L,729.860423718703,686.48556850715,491.867382820713,14.3106897213241,11.7757627445321,2.59999050574532,,,,,,,,
